ticket_id,text,category,urgency
T1000,Please escalate immediately. Why was I billed more than my usual amount,billing,high
T1001,URGENT: Getting an error when uploading a file,technical,high
T1002,"Whenever you get a chance, I was charged twice for the same invoice",billing,low
T1003,URGENT: Please explain this extra charge on my bill,billing,high
T1004,"No rush, but The discount code did not apply to my order",billing,low
T1005,This is blocking our work. Does the free trial include all features,product,high
T1006,URGENT: My two factor authentication is not working,account,high
T1007,"Hi team, I need to add a team member to my account",account,medium
T1008,URGENT: My two factor authentication is not working,account,high
T1009,"Following up, I want to update my payment method on file",billing,medium
T1010,Please escalate immediately. I need to transfer account ownership to a colleague,account,high
T1011,"Hi team, The discount code did not apply to my order",billing,medium
T1012,"Whenever you get a chance, I am unable to verify my email address",account,low
T1013,"No rush, but The app crashes every time I open reports",technical,low
T1014,"Hi team, Data sync stopped working since yesterday",technical,medium
T1015,"Following up, Can you cancel my subscription and stop future billing",billing,medium
T1016,This is blocking our work. I want to delete my account permanently,account,high
T1017,"Whenever you get a chance, Getting an error when uploading a file",technical,low
T1018,"No rush, but The dashboard has been loading forever",technical,low
T1019,"Following up, Is there an API available for developers",product,medium
T1020,"Whenever you get a chance, The app crashes every time I open reports",technical,low
T1021,This is blocking our work. The mobile app closes unexpectedly on startup,technical,high
T1022,URGENT: I am unable to verify my email address,account,high
T1023,Please escalate immediately. I need to transfer account ownership to a colleague,account,high
T1024,"Whenever you get a chance, What is the storage limit on my plan",product,low
T1025,URGENT: Please remove a user from my workspace,account,high
T1026,"Whenever you get a chance, I am unable to verify my email address",account,low
T1027,"Hi team, What is the storage limit on my plan",product,medium
T1028,URGENT: Can this integrate with our CRM tool,product,high
T1029,"No rush, but The mobile app closes unexpectedly on startup",technical,low
T1030,"Following up, I want to update my payment method on file",billing,medium
T1031,"Whenever you get a chance, Is there an API available for developers",product,low
T1032,"No rush, but The discount code did not apply to my order",billing,low
T1033,"Whenever you get a chance, My account got locked after failed attempts",account,low
T1034,"Hi team, I need to transfer account ownership to a colleague",account,medium
T1035,"Whenever you get a chance, The discount code did not apply to my order",billing,low
T1036,"No rush, but The page freezes whenever I click save",technical,low
T1037,This is blocking our work. The dashboard has been loading forever,technical,high
T1038,"Whenever you get a chance, Can you cancel my subscription and stop future billing",billing,low
T1039,This is blocking our work. Why was I billed more than my usual amount,billing,high
T1040,URGENT: Notifications have stopped coming through,technical,high
T1041,Please escalate immediately. Can you cancel my subscription and stop future billing,billing,high
T1042,"No rush, but My subscription payment failed but money was deducted",billing,low
T1043,"No rush, but Do you support exporting data to Excel",product,low
T1044,Please escalate immediately. Requesting a dark mode option,product,high
T1045,I want to delete my account permanently,account,medium
T1046,"Whenever you get a chance, Can this integrate with our CRM tool",product,low
T1047,URGENT: Search results are not showing up anymore,technical,high
T1048,"No rush, but I want to update my payment method on file",billing,low
T1049,URGENT: The app crashes every time I open reports,technical,high
T1050,URGENT: Search results are not showing up anymore,technical,high
T1051,"No rush, but Why was I billed more than my usual amount",billing,low
T1052,Please escalate immediately. What is the storage limit on my plan,product,high
T1053,This is blocking our work. What is the difference between the two pricing tiers,product,high
T1054,URGENT: The mobile app closes unexpectedly on startup,technical,high
T1055,"Following up, I need to transfer account ownership to a colleague",account,medium
T1056,"No rush, but I was charged twice for the same invoice",billing,low
T1057,"Whenever you get a chance, Can this integrate with our CRM tool",product,low
T1058,URGENT: The website is throwing a server error,technical,high
T1059,This is blocking our work. What is the storage limit on my plan,product,high
T1060,"Hi team, My account got locked after failed attempts",account,medium
T1061,"No rush, but Does the plan include custom reports",product,low
T1062,URGENT: My subscription payment failed but money was deducted,billing,high
T1063,"Following up, Requesting a dark mode option",product,medium
T1064,URGENT: What is the difference between the two pricing tiers,product,high
T1065,"Following up, Can you cancel my subscription and stop future billing",billing,medium
T1066,Please remove a user from my workspace,account,medium
T1067,URGENT: Do you support exporting data to Excel,product,high
T1068,Please escalate immediately. The website is throwing a server error,technical,high
T1069,"Whenever you get a chance, I was charged twice for the same invoice",billing,low
T1070,"Whenever you get a chance, The discount code did not apply to my order",billing,low
T1071,Please escalate immediately. Getting an error when uploading a file,technical,high
T1072,Please escalate immediately. Getting an error when uploading a file,technical,high
T1073,"Hi team, Notifications have stopped coming through",technical,medium
T1074,"No rush, but Notifications have stopped coming through",technical,low
T1075,I want to update my payment method on file,billing,medium
T1076,"Hi team, I want to delete my account permanently",account,medium
T1077,"Following up, The dashboard has been loading forever",technical,medium
T1078,"Following up, My account got locked after failed attempts",account,medium
T1079,I want to update my payment method on file,billing,medium
T1080,Please escalate immediately. Please explain this extra charge on my bill,billing,high
T1081,This is blocking our work. My account got locked after failed attempts,account,high
T1082,"Following up, The dashboard has been loading forever",technical,medium
T1083,"Whenever you get a chance, Does the free trial include all features",product,low
T1084,"Whenever you get a chance, Refund for my last order has not arrived",billing,low
T1085,"Hi team, Getting an error when uploading a file",technical,medium
T1086,"Following up, Notifications have stopped coming through",technical,medium
T1087,"Whenever you get a chance, Data sync stopped working since yesterday",technical,low
T1088,"Whenever you get a chance, How do I update my username",account,low
T1089,Please escalate immediately. My card was charged but the order shows as unpaid,billing,high
T1090,URGENT: I want to delete my account permanently,account,high
T1091,"Whenever you get a chance, The dashboard has been loading forever",technical,low
T1092,"Whenever you get a chance, Is there an API available for developers",product,low
T1093,URGENT: My subscription payment failed but money was deducted,billing,high
T1094,The discount code did not apply to my order,billing,medium
T1095,"Hi team, The app crashes every time I open reports",technical,medium
T1096,"Hi team, I want to delete my account permanently",account,medium
T1097,"No rush, but Getting an error when uploading a file",technical,low
T1098,"Whenever you get a chance, I am unable to verify my email address",account,low
T1099,URGENT: The dashboard has been loading forever,technical,high
T1100,URGENT: Is there a mobile app available,product,high
T1101,"No rush, but Do you support exporting data to Excel",product,low
T1102,"No rush, but The mobile app closes unexpectedly on startup",technical,low
T1103,"Hi team, Please explain this extra charge on my bill",billing,medium
T1104,"Following up, Requesting a dark mode option",product,medium
T1105,Please escalate immediately. Data sync stopped working since yesterday,technical,high
T1106,"Following up, Can this integrate with our CRM tool",product,medium
T1107,Please remove a user from my workspace,account,medium
T1108,"Whenever you get a chance, Does the plan include custom reports",product,low
T1109,"Hi team, I want to update my payment method on file",billing,medium
T1110,URGENT: I am unable to verify my email address,account,high
T1111,Is there a mobile app available,product,medium
T1112,"No rush, but What is the difference between the two pricing tiers",product,low
T1113,"Hi team, The mobile app closes unexpectedly on startup",technical,medium
T1114,"No rush, but I need a receipt for last month's payment",billing,low
T1115,Please escalate immediately. Is there a mobile app available,product,high
T1116,"No rush, but How do I update my username",account,low
T1117,"Whenever you get a chance, I want to delete my account permanently",account,low
T1118,"Whenever you get a chance, Is there an API available for developers",product,low
T1119,This is blocking our work. The mobile app closes unexpectedly on startup,technical,high
T1120,"Whenever you get a chance, The mobile app closes unexpectedly on startup",technical,low
T1121,"Following up, Please explain this extra charge on my bill",billing,medium
T1122,"Whenever you get a chance, Can multiple people collaborate on one project",product,low
T1123,Requesting a dark mode option,product,medium
T1124,"No rush, but Can this integrate with our CRM tool",product,low
T1125,"Whenever you get a chance, My account got locked after failed attempts",account,low
T1126,"Whenever you get a chance, Data sync stopped working since yesterday",technical,low
T1127,URGENT: The app crashes every time I open reports,technical,high
T1128,Getting an error when uploading a file,technical,medium
T1129,Does the free trial include all features,product,medium
T1130,"Whenever you get a chance, My changes are not saving properly",technical,low
T1131,URGENT: Does the plan include custom reports,product,high
T1132,"Hi team, My subscription payment failed but money was deducted",billing,medium
T1133,Please escalate immediately. Requesting a dark mode option,product,high
T1134,"Hi team, Can you cancel my subscription and stop future billing",billing,medium
T1135,Please remove a user from my workspace,account,medium
T1136,"Whenever you get a chance, What is the storage limit on my plan",product,low
T1137,"Following up, Requesting a dark mode option",product,medium
T1138,"Whenever you get a chance, I need to add a team member to my account",account,low
T1139,"Hi team, How do I update my username",account,medium
T1140,"Following up, Search results are not showing up anymore",technical,medium
T1141,URGENT: Please explain this extra charge on my bill,billing,high
T1142,"No rush, but Requesting a dark mode option",product,low
T1143,"Following up, I need a receipt for last month's payment",billing,medium
T1144,"Hi team, Requesting a dark mode option",product,medium
T1145,Does the plan include custom reports,product,medium
T1146,"Hi team, Is there a mobile app available",product,medium
T1147,"Following up, Please remove a user from my workspace",account,medium
T1148,"Hi team, The page freezes whenever I click save",technical,medium
T1149,"Hi team, What is the difference between the two pricing tiers",product,medium
T1150,"Whenever you get a chance, Please change the email on my profile",account,low
T1151,Please escalate immediately. Is there an API available for developers,product,high
T1152,I want to update my payment method on file,billing,medium
T1153,Please escalate immediately. My card was charged but the order shows as unpaid,billing,high
T1154,"Hi team, The app crashes every time I open reports",technical,medium
T1155,"Following up, I need to add a team member to my account",account,medium
T1156,"Following up, What is the difference between the two pricing tiers",product,medium
T1157,"Following up, My account got locked after failed attempts",account,medium
T1158,Please escalate immediately. Is there an API available for developers,product,high
T1159,"Hi team, Refund for my last order has not arrived",billing,medium
T1160,URGENT: Please explain this extra charge on my bill,billing,high
T1161,"No rush, but Please explain this extra charge on my bill",billing,low
T1162,Getting an error when uploading a file,technical,medium
T1163,The page freezes whenever I click save,technical,medium
T1164,Please escalate immediately. I am unable to verify my email address,account,high
T1165,This is blocking our work. Refund for my last order has not arrived,billing,high
T1166,My card was charged but the order shows as unpaid,billing,medium
T1167,"No rush, but Can this integrate with our CRM tool",product,low
T1168,Please escalate immediately. The page freezes whenever I click save,technical,high
T1169,"No rush, but I need a receipt for last month's payment",billing,low
T1170,"Whenever you get a chance, Can this integrate with our CRM tool",product,low
T1171,This is blocking our work. I need to transfer account ownership to a colleague,account,high
T1172,"Following up, Can you cancel my subscription and stop future billing",billing,medium
T1173,"Hi team, The website is throwing a server error",technical,medium
T1174,"Whenever you get a chance, I need to transfer account ownership to a colleague",account,low
T1175,"Whenever you get a chance, Is there a mobile app available",product,low
T1176,This is blocking our work. My changes are not saving properly,technical,high
T1177,Notifications have stopped coming through,technical,medium
T1178,"Hi team, Can multiple people collaborate on one project",product,medium
T1179,This is blocking our work. I need to add a team member to my account,account,high
T1180,"Following up, How do I update my username",account,medium
T1181,"No rush, but Please remove a user from my workspace",account,low
T1182,URGENT: The mobile app closes unexpectedly on startup,technical,high
T1183,"No rush, but Can multiple people collaborate on one project",product,low
T1184,"Hi team, Can this integrate with our CRM tool",product,medium
T1185,This is blocking our work. I need to add a team member to my account,account,high
T1186,"Whenever you get a chance, I need to transfer account ownership to a colleague",account,low
T1187,Please remove a user from my workspace,account,medium
T1188,I need to transfer account ownership to a colleague,account,medium
T1189,"Following up, I need to add a team member to my account",account,medium
T1190,"No rush, but I need a receipt for last month's payment",billing,low
T1191,"No rush, but Please explain this extra charge on my bill",billing,low
T1192,"Whenever you get a chance, The page freezes whenever I click save",technical,low
T1193,URGENT: How do I update my username,account,high
T1194,"Hi team, The page freezes whenever I click save",technical,medium
T1195,"No rush, but Why was I billed more than my usual amount",billing,low
T1196,Please escalate immediately. Why was I billed more than my usual amount,billing,high
T1197,"Whenever you get a chance, Getting an error when uploading a file",technical,low
T1198,"Whenever you get a chance, Can you cancel my subscription and stop future billing",billing,low
T1199,"Following up, What is the storage limit on my plan",product,medium
T1200,"Following up, Refund for my last order has not arrived",billing,medium
T1201,"Following up, Refund for my last order has not arrived",billing,medium
T1202,URGENT: I want to update my payment method on file,billing,high
T1203,URGENT: My account got locked after failed attempts,account,high
T1204,"No rush, but Is there an API available for developers",product,low
T1205,"Following up, Do you support exporting data to Excel",product,medium
T1206,Does the free trial include all features,product,medium
T1207,"No rush, but Please explain this extra charge on my bill",billing,low
T1208,Getting an error when uploading a file,technical,medium
T1209,URGENT: The website is throwing a server error,technical,high
T1210,URGENT: My card was charged but the order shows as unpaid,billing,high
T1211,"Whenever you get a chance, Do you support exporting data to Excel",product,low
T1212,This is blocking our work. Why was I billed more than my usual amount,billing,high
T1213,Please escalate immediately. Requesting a dark mode option,product,high
T1214,"No rush, but My two factor authentication is not working",account,low
T1215,"No rush, but My subscription payment failed but money was deducted",billing,low
T1216,"URGENT: I cannot log in, password reset email never arrives",account,high
T1217,Notifications have stopped coming through,technical,medium
T1218,"Hi team, I need to transfer account ownership to a colleague",account,medium
T1219,"Whenever you get a chance, How do I update my username",account,low
T1220,"Hi team, Does the free trial include all features",product,medium
T1221,I need a receipt for last month's payment,billing,medium
T1222,URGENT: I need to add a team member to my account,account,high
T1223,"Whenever you get a chance, I want to update my payment method on file",billing,low
T1224,This is blocking our work. The discount code did not apply to my order,billing,high
T1225,"Hi team, Does the free trial include all features",product,medium
T1226,"Whenever you get a chance, Can this integrate with our CRM tool",product,low
T1227,"Following up, Is there a mobile app available",product,medium
T1228,"No rush, but Please change the email on my profile",account,low
T1229,I need to transfer account ownership to a colleague,account,medium
T1230,"Whenever you get a chance, Please remove a user from my workspace",account,low
T1231,"Hi team, I need a receipt for last month's payment",billing,medium
T1232,"Hi team, My two factor authentication is not working",account,medium
T1233,"Whenever you get a chance, My card was charged but the order shows as unpaid",billing,low
T1234,Please escalate immediately. I need a receipt for last month's payment,billing,high
T1235,"Whenever you get a chance, Does the plan include custom reports",product,low
T1236,The dashboard has been loading forever,technical,medium
T1237,I need to transfer account ownership to a colleague,account,medium
T1238,Please escalate immediately. I want to update my payment method on file,billing,high
T1239,"No rush, but The page freezes whenever I click save",technical,low
T1240,"Whenever you get a chance, Refund for my last order has not arrived",billing,low
T1241,This is blocking our work. Getting an error when uploading a file,technical,high
T1242,The page freezes whenever I click save,technical,medium
T1243,"Following up, I need to transfer account ownership to a colleague",account,medium
T1244,The dashboard has been loading forever,technical,medium
T1245,Please escalate immediately. Is there an API available for developers,product,high
T1246,This is blocking our work. The mobile app closes unexpectedly on startup,technical,high
T1247,"Whenever you get a chance, I cannot log in, password reset email never arrives",account,low
T1248,"Whenever you get a chance, I am unable to verify my email address",account,low
T1249,This is blocking our work. Is there an API available for developers,product,high
T1250,"Following up, Is there an API available for developers",product,medium
T1251,"Following up, Requesting a dark mode option",product,medium
T1252,"Whenever you get a chance, Data sync stopped working since yesterday",technical,low
T1253,This is blocking our work. Can multiple people collaborate on one project,product,high
T1254,What is the storage limit on my plan,product,medium
T1255,URGENT: Is there an API available for developers,product,high
T1256,This is blocking our work. My account got locked after failed attempts,account,high
T1257,Please escalate immediately. What is the storage limit on my plan,product,high
T1258,"No rush, but Can this integrate with our CRM tool",product,low
T1259,"Following up, Does the free trial include all features",product,medium
T1260,"No rush, but Is there a mobile app available",product,low
T1261,Can multiple people collaborate on one project,product,medium
T1262,"No rush, but Please explain this extra charge on my bill",billing,low
T1263,Please escalate immediately. My account got locked after failed attempts,account,high
T1264,Please escalate immediately. Can this integrate with our CRM tool,product,high
T1265,Please escalate immediately. Do you support exporting data to Excel,product,high
T1266,This is blocking our work. I was charged twice for the same invoice,billing,high
T1267,"Following up, My two factor authentication is not working",account,medium
T1268,Please escalate immediately. The mobile app closes unexpectedly on startup,technical,high
T1269,URGENT: Getting an error when uploading a file,technical,high
T1270,"No rush, but Can multiple people collaborate on one project",product,low
T1271,This is blocking our work. The page freezes whenever I click save,technical,high
T1272,Does the plan include custom reports,product,medium
T1273,Is there an API available for developers,product,medium
T1274,This is blocking our work. Search results are not showing up anymore,technical,high
T1275,"Whenever you get a chance, How do I update my username",account,low
T1276,"Hi team, What is the difference between the two pricing tiers",product,medium
T1277,URGENT: What is the difference between the two pricing tiers,product,high
T1278,"Whenever you get a chance, How do I update my username",account,low
T1279,"Whenever you get a chance, Why was I billed more than my usual amount",billing,low
T1280,"No rush, but I want to update my payment method on file",billing,low
T1281,"Hi team, Does the free trial include all features",product,medium
T1282,Please escalate immediately. I need to add a team member to my account,account,high
T1283,"No rush, but My account got locked after failed attempts",account,low
T1284,"Following up, I was charged twice for the same invoice",billing,medium
T1285,"No rush, but My account got locked after failed attempts",account,low
T1286,My two factor authentication is not working,account,medium
T1287,URGENT: The website is throwing a server error,technical,high
T1288,"Whenever you get a chance, Please change the email on my profile",account,low
T1289,"Following up, I want to delete my account permanently",account,medium
T1290,"Hi team, My subscription payment failed but money was deducted",billing,medium
T1291,"Whenever you get a chance, The website is throwing a server error",technical,low
T1292,"This is blocking our work. I cannot log in, password reset email never arrives",account,high
T1293,"No rush, but I need to transfer account ownership to a colleague",account,low
T1294,"Whenever you get a chance, I am unable to verify my email address",account,low
T1295,"Whenever you get a chance, Can this integrate with our CRM tool",product,low
T1296,"Hi team, Notifications have stopped coming through",technical,medium
T1297,"No rush, but My account got locked after failed attempts",account,low
T1298,"Whenever you get a chance, What is the difference between the two pricing tiers",product,low
T1299,URGENT: I was charged twice for the same invoice,billing,high
T1300,"Hi team, My account got locked after failed attempts",account,medium
T1301,"No rush, but The mobile app closes unexpectedly on startup",technical,low
T1302,Is there an API available for developers,product,medium
T1303,"No rush, but What is the difference between the two pricing tiers",product,low
T1304,My card was charged but the order shows as unpaid,billing,medium
T1305,Please escalate immediately. I want to delete my account permanently,account,high
T1306,"Following up, Data sync stopped working since yesterday",technical,medium
T1307,Please escalate immediately. I want to delete my account permanently,account,high
T1308,This is blocking our work. How do I update my username,account,high
T1309,This is blocking our work. Getting an error when uploading a file,technical,high
T1310,"No rush, but The app crashes every time I open reports",technical,low
T1311,URGENT: I am unable to verify my email address,account,high
T1312,Please escalate immediately. Data sync stopped working since yesterday,technical,high
T1313,This is blocking our work. The dashboard has been loading forever,technical,high
T1314,"Hi team, My subscription payment failed but money was deducted",billing,medium
T1315,"URGENT: I cannot log in, password reset email never arrives",account,high
T1316,This is blocking our work. Data sync stopped working since yesterday,technical,high
T1317,URGENT: How do I update my username,account,high
T1318,Please escalate immediately. My card was charged but the order shows as unpaid,billing,high
T1319,"No rush, but Can you cancel my subscription and stop future billing",billing,low
T1320,Does the free trial include all features,product,medium
T1321,Please explain this extra charge on my bill,billing,medium
T1322,"Whenever you get a chance, Can you cancel my subscription and stop future billing",billing,low
T1323,This is blocking our work. My card was charged but the order shows as unpaid,billing,high
T1324,"No rush, but Can multiple people collaborate on one project",product,low
T1325,URGENT: Is there a mobile app available,product,high
T1326,URGENT: The page freezes whenever I click save,technical,high
T1327,Please remove a user from my workspace,account,medium
T1328,I am unable to verify my email address,account,medium
T1329,Please escalate immediately. Can this integrate with our CRM tool,product,high
T1330,"Following up, Data sync stopped working since yesterday",technical,medium
T1331,"Following up, What is the difference between the two pricing tiers",product,medium
T1332,"No rush, but Is there a mobile app available",product,low
T1333,Do you support exporting data to Excel,product,medium
T1334,Please escalate immediately. I need to transfer account ownership to a colleague,account,high
T1335,URGENT: Refund for my last order has not arrived,billing,high
T1336,Please escalate immediately. Is there a mobile app available,product,high
T1337,"No rush, but Notifications have stopped coming through",technical,low
T1338,"No rush, but My two factor authentication is not working",account,low
T1339,"Whenever you get a chance, I cannot log in, password reset email never arrives",account,low
T1340,"Whenever you get a chance, I want to delete my account permanently",account,low
T1341,"No rush, but My subscription payment failed but money was deducted",billing,low
T1342,URGENT: Is there a mobile app available,product,high
T1343,This is blocking our work. I am unable to verify my email address,account,high
T1344,Notifications have stopped coming through,technical,medium
T1345,"Whenever you get a chance, I was charged twice for the same invoice",billing,low
T1346,The page freezes whenever I click save,technical,medium
T1347,"Hi team, Please change the email on my profile",account,medium
T1348,"Whenever you get a chance, Getting an error when uploading a file",technical,low
T1349,"No rush, but Getting an error when uploading a file",technical,low
T1350,"Following up, My changes are not saving properly",technical,medium
T1351,This is blocking our work. How do I update my username,account,high
T1352,"No rush, but I cannot log in, password reset email never arrives",account,low
T1353,Please escalate immediately. The app crashes every time I open reports,technical,high
T1354,"Following up, My card was charged but the order shows as unpaid",billing,medium
T1355,"Whenever you get a chance, What is the difference between the two pricing tiers",product,low
T1356,Please escalate immediately. My account got locked after failed attempts,account,high
T1357,"Hi team, How do I update my username",account,medium
T1358,"Whenever you get a chance, Does the plan include custom reports",product,low
T1359,The app crashes every time I open reports,technical,medium
T1360,This is blocking our work. Please explain this extra charge on my bill,billing,high
T1361,"Following up, Search results are not showing up anymore",technical,medium
T1362,This is blocking our work. My card was charged but the order shows as unpaid,billing,high
T1363,This is blocking our work. The website is throwing a server error,technical,high
T1364,"Whenever you get a chance, Getting an error when uploading a file",technical,low
T1365,"No rush, but What is the difference between the two pricing tiers",product,low
T1366,"Hi team, I need a receipt for last month's payment",billing,medium
T1367,"Whenever you get a chance, What is the difference between the two pricing tiers",product,low
T1368,"This is blocking our work. I cannot log in, password reset email never arrives",account,high
T1369,Please escalate immediately. I need to transfer account ownership to a colleague,account,high
T1370,This is blocking our work. My account got locked after failed attempts,account,high
T1371,The mobile app closes unexpectedly on startup,technical,medium
T1372,"Following up, I need a receipt for last month's payment",billing,medium
T1373,"Hi team, Getting an error when uploading a file",technical,medium
T1374,"No rush, but I need a receipt for last month's payment",billing,low
T1375,"No rush, but I need to add a team member to my account",account,low
T1376,This is blocking our work. Please explain this extra charge on my bill,billing,high
T1377,"No rush, but Getting an error when uploading a file",technical,low
T1378,"Whenever you get a chance, My changes are not saving properly",technical,low
T1379,"Whenever you get a chance, Is there a mobile app available",product,low
T1380,"Hi team, My changes are not saving properly",technical,medium
T1381,"Whenever you get a chance, Do you support exporting data to Excel",product,low
T1382,Refund for my last order has not arrived,billing,medium
T1383,"Following up, I cannot log in, password reset email never arrives",account,medium
T1384,"Following up, Refund for my last order has not arrived",billing,medium
T1385,"Whenever you get a chance, Can you cancel my subscription and stop future billing",billing,low
T1386,Please explain this extra charge on my bill,billing,medium
T1387,"Whenever you get a chance, Please remove a user from my workspace",account,low
T1388,This is blocking our work. Getting an error when uploading a file,technical,high
T1389,"No rush, but Please remove a user from my workspace",account,low
T1390,URGENT: My changes are not saving properly,technical,high
T1391,"No rush, but Is there a mobile app available",product,low
T1392,"Following up, My two factor authentication is not working",account,medium
T1393,"No rush, but I want to delete my account permanently",account,low
T1394,"Hi team, The discount code did not apply to my order",billing,medium
T1395,"Following up, Does the free trial include all features",product,medium
T1396,"Hi team, Notifications have stopped coming through",technical,medium
T1397,"Following up, The mobile app closes unexpectedly on startup",technical,medium
T1398,"No rush, but The page freezes whenever I click save",technical,low
T1399,"Whenever you get a chance, What is the storage limit on my plan",product,low
T1400,"Whenever you get a chance, The discount code did not apply to my order",billing,low
T1401,This is blocking our work. How do I update my username,account,high
T1402,This is blocking our work. My changes are not saving properly,technical,high
T1403,URGENT: The dashboard has been loading forever,technical,high
T1404,"Hi team, The discount code did not apply to my order",billing,medium
T1405,"Whenever you get a chance, I want to update my payment method on file",billing,low
T1406,"Whenever you get a chance, The dashboard has been loading forever",technical,low
T1407,Please escalate immediately. Notifications have stopped coming through,technical,high
T1408,"Whenever you get a chance, The app crashes every time I open reports",technical,low
T1409,Requesting a dark mode option,product,medium
T1410,"Whenever you get a chance, Can multiple people collaborate on one project",product,low
T1411,"No rush, but The page freezes whenever I click save",technical,low
T1412,This is blocking our work. Does the free trial include all features,product,high
T1413,"Following up, What is the difference between the two pricing tiers",product,medium
T1414,URGENT: Does the free trial include all features,product,high
T1415,"Hi team, My changes are not saving properly",technical,medium
T1416,"No rush, but Please remove a user from my workspace",account,low
T1417,"Hi team, My subscription payment failed but money was deducted",billing,medium
T1418,Please change the email on my profile,account,medium
T1419,URGENT: Can multiple people collaborate on one project,product,high
T1420,"This is blocking our work. I cannot log in, password reset email never arrives",account,high
T1421,"Whenever you get a chance, Requesting a dark mode option",product,low
T1422,This is blocking our work. Requesting a dark mode option,product,high
T1423,"Hi team, I need a receipt for last month's payment",billing,medium
T1424,URGENT: The page freezes whenever I click save,technical,high
T1425,"No rush, but Can multiple people collaborate on one project",product,low
T1426,"No rush, but Can this integrate with our CRM tool",product,low
T1427,"Hi team, My subscription payment failed but money was deducted",billing,medium
T1428,This is blocking our work. Requesting a dark mode option,product,high
T1429,URGENT: I need to add a team member to my account,account,high
T1430,"Whenever you get a chance, Can this integrate with our CRM tool",product,low
T1431,The discount code did not apply to my order,billing,medium
T1432,"No rush, but My subscription payment failed but money was deducted",billing,low
T1433,"Hi team, I am unable to verify my email address",account,medium
T1434,Please escalate immediately. My two factor authentication is not working,account,high
T1435,"No rush, but The website is throwing a server error",technical,low
T1436,Please escalate immediately. Please remove a user from my workspace,account,high
T1437,"Following up, I was charged twice for the same invoice",billing,medium
T1438,"Following up, Does the plan include custom reports",product,medium
T1439,This is blocking our work. I need to add a team member to my account,account,high
T1440,"Whenever you get a chance, My subscription payment failed but money was deducted",billing,low
T1441,I need a receipt for last month's payment,billing,medium
T1442,"Whenever you get a chance, My changes are not saving properly",technical,low
T1443,URGENT: My changes are not saving properly,technical,high
T1444,"Hi team, I was charged twice for the same invoice",billing,medium
T1445,This is blocking our work. The page freezes whenever I click save,technical,high
T1446,"Whenever you get a chance, Do you support exporting data to Excel",product,low
T1447,"No rush, but Why was I billed more than my usual amount",billing,low
T1448,Please escalate immediately. I want to delete my account permanently,account,high
T1449,This is blocking our work. My two factor authentication is not working,account,high
T1450,"Whenever you get a chance, What is the difference between the two pricing tiers",product,low
T1451,This is blocking our work. I need to transfer account ownership to a colleague,account,high
T1452,"Whenever you get a chance, My account got locked after failed attempts",account,low
T1453,This is blocking our work. Does the free trial include all features,product,high
T1454,"Whenever you get a chance, Search results are not showing up anymore",technical,low
T1455,This is blocking our work. Why was I billed more than my usual amount,billing,high
T1456,My two factor authentication is not working,account,medium
T1457,"Whenever you get a chance, Search results are not showing up anymore",technical,low
T1458,Please escalate immediately. Is there a mobile app available,product,high
T1459,Does the plan include custom reports,product,medium
T1460,"Whenever you get a chance, I need a receipt for last month's payment",billing,low
T1461,URGENT: Notifications have stopped coming through,technical,high
T1462,URGENT: Can this integrate with our CRM tool,product,high
T1463,"Whenever you get a chance, Search results are not showing up anymore",technical,low
T1464,"No rush, but Does the free trial include all features",product,low
T1465,"Whenever you get a chance, Search results are not showing up anymore",technical,low
T1466,"Hi team, I am unable to verify my email address",account,medium
T1467,"Whenever you get a chance, The mobile app closes unexpectedly on startup",technical,low
T1468,"Whenever you get a chance, I need to add a team member to my account",account,low
T1469,Please escalate immediately. My subscription payment failed but money was deducted,billing,high
T1470,"Whenever you get a chance, Is there an API available for developers",product,low
T1471,"Following up, Can you cancel my subscription and stop future billing",billing,medium
T1472,"Whenever you get a chance, My changes are not saving properly",technical,low
T1473,URGENT: Getting an error when uploading a file,technical,high
T1474,Please escalate immediately. Can multiple people collaborate on one project,product,high
T1475,"Whenever you get a chance, I need a receipt for last month's payment",billing,low
T1476,"Whenever you get a chance, Why was I billed more than my usual amount",billing,low
T1477,"No rush, but Search results are not showing up anymore",technical,low
T1478,URGENT: The dashboard has been loading forever,technical,high
T1479,"Hi team, Search results are not showing up anymore",technical,medium
T1480,Please change the email on my profile,account,medium
T1481,This is blocking our work. My card was charged but the order shows as unpaid,billing,high
T1482,"Whenever you get a chance, What is the difference between the two pricing tiers",product,low
T1483,This is blocking our work. Refund for my last order has not arrived,billing,high
T1484,Is there an API available for developers,product,medium
T1485,Please escalate immediately. I am unable to verify my email address,account,high
T1486,This is blocking our work. The website is throwing a server error,technical,high
T1487,Please escalate immediately. My subscription payment failed but money was deducted,billing,high
T1488,URGENT: I want to delete my account permanently,account,high
T1489,The page freezes whenever I click save,technical,medium
T1490,"Hi team, The discount code did not apply to my order",billing,medium
T1491,Please escalate immediately. How do I update my username,account,high
T1492,"No rush, but I want to update my payment method on file",billing,low
T1493,Please escalate immediately. Notifications have stopped coming through,technical,high
T1494,"No rush, but I cannot log in, password reset email never arrives",account,low
T1495,Please escalate immediately. I want to update my payment method on file,billing,high
T1496,"No rush, but I am unable to verify my email address",account,low
T1497,"No rush, but Can multiple people collaborate on one project",product,low
T1498,"Whenever you get a chance, I need to transfer account ownership to a colleague",account,low
T1499,"Whenever you get a chance, The page freezes whenever I click save",technical,low
T1500,Please escalate immediately. Does the plan include custom reports,product,high
T1501,"Following up, My changes are not saving properly",technical,medium
T1502,This is blocking our work. Does the free trial include all features,product,high
T1503,Search results are not showing up anymore,technical,medium
T1504,"Hi team, I want to delete my account permanently",account,medium
T1505,"Hi team, Can you cancel my subscription and stop future billing",billing,medium
T1506,"Following up, Please explain this extra charge on my bill",billing,medium
T1507,URGENT: The page freezes whenever I click save,technical,high
T1508,"Whenever you get a chance, Requesting a dark mode option",product,low
T1509,Search results are not showing up anymore,technical,medium
T1510,This is blocking our work. The website is throwing a server error,technical,high
T1511,"Following up, Can multiple people collaborate on one project",product,medium
T1512,This is blocking our work. The discount code did not apply to my order,billing,high
T1513,URGENT: Does the free trial include all features,product,high
T1514,URGENT: How do I update my username,account,high
T1515,"Whenever you get a chance, Do you support exporting data to Excel",product,low
T1516,This is blocking our work. My subscription payment failed but money was deducted,billing,high
T1517,"Whenever you get a chance, My two factor authentication is not working",account,low
T1518,"This is blocking our work. I cannot log in, password reset email never arrives",account,high
T1519,The page freezes whenever I click save,technical,medium
T1520,Can you cancel my subscription and stop future billing,billing,medium
T1521,"No rush, but Please change the email on my profile",account,low
T1522,"Following up, I need a receipt for last month's payment",billing,medium
T1523,URGENT: I am unable to verify my email address,account,high
T1524,"No rush, but Does the plan include custom reports",product,low
T1525,Please escalate immediately. I need a receipt for last month's payment,billing,high
T1526,"Whenever you get a chance, What is the storage limit on my plan",product,low
T1527,Search results are not showing up anymore,technical,medium
T1528,The page freezes whenever I click save,technical,medium
T1529,"Whenever you get a chance, I am unable to verify my email address",account,low
T1530,"Hi team, I want to delete my account permanently",account,medium
T1531,"No rush, but My two factor authentication is not working",account,low
T1532,"No rush, but I am unable to verify my email address",account,low
T1533,Does the free trial include all features,product,medium
T1534,"No rush, but Notifications have stopped coming through",technical,low
T1535,Please escalate immediately. Does the free trial include all features,product,high
T1536,Please escalate immediately. Requesting a dark mode option,product,high
T1537,"No rush, but Please explain this extra charge on my bill",billing,low
T1538,"Following up, My card was charged but the order shows as unpaid",billing,medium
T1539,Data sync stopped working since yesterday,technical,medium
T1540,"Whenever you get a chance, Does the plan include custom reports",product,low
T1541,"No rush, but The website is throwing a server error",technical,low
T1542,"Whenever you get a chance, Please remove a user from my workspace",account,low
T1543,"Hi team, Can multiple people collaborate on one project",product,medium
T1544,"Whenever you get a chance, How do I update my username",account,low
T1545,URGENT: Do you support exporting data to Excel,product,high
T1546,This is blocking our work. How do I update my username,account,high
T1547,"Whenever you get a chance, Search results are not showing up anymore",technical,low
T1548,Do you support exporting data to Excel,product,medium
T1549,Please escalate immediately. Please remove a user from my workspace,account,high
T1550,"Following up, What is the storage limit on my plan",product,medium
T1551,This is blocking our work. My account got locked after failed attempts,account,high
T1552,How do I update my username,account,medium
T1553,URGENT: Is there an API available for developers,product,high
T1554,"Whenever you get a chance, Please change the email on my profile",account,low
T1555,"No rush, but Please explain this extra charge on my bill",billing,low
T1556,"No rush, but Please explain this extra charge on my bill",billing,low
T1557,This is blocking our work. I need a receipt for last month's payment,billing,high
T1558,Please escalate immediately. What is the storage limit on my plan,product,high
T1559,"No rush, but My card was charged but the order shows as unpaid",billing,low
T1560,Requesting a dark mode option,product,medium
T1561,"Following up, I cannot log in, password reset email never arrives",account,medium
T1562,"No rush, but The discount code did not apply to my order",billing,low
T1563,This is blocking our work. My subscription payment failed but money was deducted,billing,high
T1564,"Following up, My subscription payment failed but money was deducted",billing,medium
T1565,URGENT: How do I update my username,account,high
T1566,"Following up, Can you cancel my subscription and stop future billing",billing,medium
T1567,Please escalate immediately. Can multiple people collaborate on one project,product,high
T1568,URGENT: I want to delete my account permanently,account,high
T1569,"Whenever you get a chance, The page freezes whenever I click save",technical,low
T1570,Please escalate immediately. Search results are not showing up anymore,technical,high
T1571,"No rush, but Please change the email on my profile",account,low
T1572,Is there a mobile app available,product,medium
T1573,Refund for my last order has not arrived,billing,medium
T1574,This is blocking our work. Search results are not showing up anymore,technical,high
T1575,This is blocking our work. The mobile app closes unexpectedly on startup,technical,high
T1576,"Following up, Search results are not showing up anymore",technical,medium
T1577,"No rush, but How do I update my username",account,low
T1578,"No rush, but I cannot log in, password reset email never arrives",account,low
T1579,"Following up, My subscription payment failed but money was deducted",billing,medium
T1580,"Whenever you get a chance, Can this integrate with our CRM tool",product,low
T1581,I need to add a team member to my account,account,medium
T1582,This is blocking our work. The dashboard has been loading forever,technical,high
T1583,"Whenever you get a chance, What is the difference between the two pricing tiers",product,low
T1584,"No rush, but Requesting a dark mode option",product,low
T1585,"Whenever you get a chance, The discount code did not apply to my order",billing,low
T1586,Please escalate immediately. My account got locked after failed attempts,account,high
T1587,"No rush, but I want to update my payment method on file",billing,low
T1588,This is blocking our work. The website is throwing a server error,technical,high
T1589,Please escalate immediately. Requesting a dark mode option,product,high
T1590,Please escalate immediately. Can multiple people collaborate on one project,product,high
T1591,"Hi team, The discount code did not apply to my order",billing,medium
T1592,Does the plan include custom reports,product,medium
T1593,"Whenever you get a chance, Does the plan include custom reports",product,low
T1594,"Hi team, Requesting a dark mode option",product,medium
T1595,This is blocking our work. I need a receipt for last month's payment,billing,high
T1596,"No rush, but Refund for my last order has not arrived",billing,low
T1597,This is blocking our work. What is the difference between the two pricing tiers,product,high
T1598,Please escalate immediately. The mobile app closes unexpectedly on startup,technical,high
T1599,"Following up, My two factor authentication is not working",account,medium
T1600,Please escalate immediately. Is there an API available for developers,product,high
T1601,"Whenever you get a chance, Getting an error when uploading a file",technical,low
T1602,"Whenever you get a chance, The website is throwing a server error",technical,low
T1603,"No rush, but The app crashes every time I open reports",technical,low
T1604,"Following up, The discount code did not apply to my order",billing,medium
T1605,"Whenever you get a chance, Requesting a dark mode option",product,low
T1606,"Following up, The dashboard has been loading forever",technical,medium
T1607,Please escalate immediately. My account got locked after failed attempts,account,high
T1608,"Whenever you get a chance, I want to update my payment method on file",billing,low
T1609,URGENT: Refund for my last order has not arrived,billing,high
T1610,"No rush, but Can you cancel my subscription and stop future billing",billing,low
T1611,Please escalate immediately. I was charged twice for the same invoice,billing,high
T1612,"Hi team, Is there an API available for developers",product,medium
T1613,URGENT: The website is throwing a server error,technical,high
T1614,Please escalate immediately. I am unable to verify my email address,account,high
T1615,"Whenever you get a chance, I need to add a team member to my account",account,low
T1616,Please escalate immediately. Please remove a user from my workspace,account,high
T1617,"Following up, The page freezes whenever I click save",technical,medium
T1618,"No rush, but My card was charged but the order shows as unpaid",billing,low
T1619,This is blocking our work. What is the difference between the two pricing tiers,product,high
T1620,"Whenever you get a chance, My two factor authentication is not working",account,low
T1621,"Following up, The dashboard has been loading forever",technical,medium
T1622,URGENT: Do you support exporting data to Excel,product,high
T1623,"Hi team, The website is throwing a server error",technical,medium
T1624,Is there an API available for developers,product,medium
T1625,"Hi team, The page freezes whenever I click save",technical,medium
T1626,Getting an error when uploading a file,technical,medium
T1627,"Hi team, Is there an API available for developers",product,medium
T1628,This is blocking our work. The mobile app closes unexpectedly on startup,technical,high
T1629,URGENT: I want to update my payment method on file,billing,high
T1630,"Hi team, Search results are not showing up anymore",technical,medium
T1631,URGENT: I need to add a team member to my account,account,high
T1632,"Whenever you get a chance, Please explain this extra charge on my bill",billing,low
T1633,"Hi team, The website is throwing a server error",technical,medium
T1634,"Following up, I need to transfer account ownership to a colleague",account,medium
T1635,"Following up, I want to delete my account permanently",account,medium
T1636,"Hi team, Can multiple people collaborate on one project",product,medium
T1637,This is blocking our work. I want to delete my account permanently,account,high
T1638,Please escalate immediately. Requesting a dark mode option,product,high
T1639,This is blocking our work. The website is throwing a server error,technical,high
T1640,"Hi team, Requesting a dark mode option",product,medium
T1641,This is blocking our work. I am unable to verify my email address,account,high
T1642,Search results are not showing up anymore,technical,medium
T1643,I need to transfer account ownership to a colleague,account,medium
T1644,Please escalate immediately. Is there a mobile app available,product,high
T1645,Please escalate immediately. The website is throwing a server error,technical,high
T1646,Please escalate immediately. Does the plan include custom reports,product,high
T1647,Please escalate immediately. I was charged twice for the same invoice,billing,high
T1648,"Hi team, Please explain this extra charge on my bill",billing,medium
T1649,"No rush, but I was charged twice for the same invoice",billing,low
T1650,"Whenever you get a chance, Search results are not showing up anymore",technical,low
T1651,"Whenever you get a chance, Can you cancel my subscription and stop future billing",billing,low
T1652,Please escalate immediately. The discount code did not apply to my order,billing,high
T1653,URGENT: Is there an API available for developers,product,high
T1654,"Whenever you get a chance, I cannot log in, password reset email never arrives",account,low
T1655,URGENT: Can this integrate with our CRM tool,product,high
T1656,URGENT: Notifications have stopped coming through,technical,high
T1657,"Following up, My two factor authentication is not working",account,medium
T1658,"Following up, Can you cancel my subscription and stop future billing",billing,medium
T1659,"No rush, but The page freezes whenever I click save",technical,low
T1660,"No rush, but Refund for my last order has not arrived",billing,low
T1661,"Following up, Is there an API available for developers",product,medium
T1662,Please escalate immediately. Does the plan include custom reports,product,high
T1663,This is blocking our work. The mobile app closes unexpectedly on startup,technical,high
T1664,"No rush, but Please remove a user from my workspace",account,low
T1665,URGENT: I want to update my payment method on file,billing,high
T1666,"Hi team, Can this integrate with our CRM tool",product,medium
T1667,"No rush, but Please change the email on my profile",account,low
T1668,URGENT: I am unable to verify my email address,account,high
T1669,"Whenever you get a chance, Getting an error when uploading a file",technical,low
T1670,Please escalate immediately. I need to add a team member to my account,account,high
T1671,"Whenever you get a chance, What is the difference between the two pricing tiers",product,low
T1672,"No rush, but The website is throwing a server error",technical,low
T1673,URGENT: My two factor authentication is not working,account,high
T1674,This is blocking our work. Notifications have stopped coming through,technical,high
T1675,"Hi team, Do you support exporting data to Excel",product,medium
T1676,"Hi team, Is there a mobile app available",product,medium
T1677,"Hi team, Does the free trial include all features",product,medium
T1678,Please escalate immediately. Do you support exporting data to Excel,product,high
T1679,"No rush, but Getting an error when uploading a file",technical,low
T1680,This is blocking our work. Please change the email on my profile,account,high
T1681,"Following up, Can this integrate with our CRM tool",product,medium
T1682,This is blocking our work. Can you cancel my subscription and stop future billing,billing,high
T1683,"Hi team, Please change the email on my profile",account,medium
T1684,This is blocking our work. Can you cancel my subscription and stop future billing,billing,high
T1685,URGENT: Can this integrate with our CRM tool,product,high
T1686,"No rush, but I am unable to verify my email address",account,low
T1687,"Hi team, How do I update my username",account,medium
T1688,"Hi team, Is there an API available for developers",product,medium
T1689,"No rush, but The mobile app closes unexpectedly on startup",technical,low
T1690,This is blocking our work. The page freezes whenever I click save,technical,high
T1691,"Hi team, My account got locked after failed attempts",account,medium
T1692,"Following up, The mobile app closes unexpectedly on startup",technical,medium
T1693,"Hi team, I want to delete my account permanently",account,medium
T1694,Please escalate immediately. I need to transfer account ownership to a colleague,account,high
T1695,"Hi team, The dashboard has been loading forever",technical,medium
T1696,This is blocking our work. I want to delete my account permanently,account,high
T1697,"Following up, Is there a mobile app available",product,medium
T1698,"No rush, but Do you support exporting data to Excel",product,low
T1699,"No rush, but I need to transfer account ownership to a colleague",account,low
T1700,This is blocking our work. I want to delete my account permanently,account,high
T1701,"Whenever you get a chance, I am unable to verify my email address",account,low
T1702,"Following up, The page freezes whenever I click save",technical,medium
T1703,"Hi team, Does the free trial include all features",product,medium
T1704,"No rush, but The website is throwing a server error",technical,low
T1705,"Whenever you get a chance, Please explain this extra charge on my bill",billing,low
T1706,Can this integrate with our CRM tool,product,medium
T1707,"Whenever you get a chance, What is the storage limit on my plan",product,low
T1708,This is blocking our work. Please change the email on my profile,account,high
T1709,"Hi team, Can multiple people collaborate on one project",product,medium
T1710,"Whenever you get a chance, Is there an API available for developers",product,low
T1711,"No rush, but Is there a mobile app available",product,low
T1712,URGENT: I need a receipt for last month's payment,billing,high
T1713,"No rush, but Notifications have stopped coming through",technical,low
T1714,"Following up, Can this integrate with our CRM tool",product,medium
T1715,This is blocking our work. Please explain this extra charge on my bill,billing,high
T1716,"Following up, The mobile app closes unexpectedly on startup",technical,medium
T1717,"No rush, but Is there a mobile app available",product,low
T1718,"Hi team, Why was I billed more than my usual amount",billing,medium
T1719,URGENT: What is the storage limit on my plan,product,high
T1720,"Following up, I need to transfer account ownership to a colleague",account,medium
T1721,"Whenever you get a chance, Search results are not showing up anymore",technical,low
T1722,This is blocking our work. Can multiple people collaborate on one project,product,high
T1723,"This is blocking our work. I cannot log in, password reset email never arrives",account,high
T1724,This is blocking our work. Refund for my last order has not arrived,billing,high
T1725,"No rush, but The website is throwing a server error",technical,low
T1726,"No rush, but Search results are not showing up anymore",technical,low
T1727,"Hi team, What is the difference between the two pricing tiers",product,medium
T1728,Please escalate immediately. The mobile app closes unexpectedly on startup,technical,high
T1729,Please escalate immediately. Does the free trial include all features,product,high
T1730,The mobile app closes unexpectedly on startup,technical,medium
T1731,Please escalate immediately. Requesting a dark mode option,product,high
T1732,Getting an error when uploading a file,technical,medium
T1733,"No rush, but I need a receipt for last month's payment",billing,low
T1734,This is blocking our work. My account got locked after failed attempts,account,high
T1735,"Whenever you get a chance, Please remove a user from my workspace",account,low
T1736,"Whenever you get a chance, I am unable to verify my email address",account,low
T1737,"No rush, but Is there a mobile app available",product,low
T1738,Please change the email on my profile,account,medium
T1739,"No rush, but Please change the email on my profile",account,low
T1740,URGENT: How do I update my username,account,high
T1741,This is blocking our work. My subscription payment failed but money was deducted,billing,high
T1742,What is the storage limit on my plan,product,medium
T1743,"Hi team, Can multiple people collaborate on one project",product,medium
T1744,"No rush, but My changes are not saving properly",technical,low
T1745,URGENT: I want to delete my account permanently,account,high
T1746,"No rush, but Is there a mobile app available",product,low
T1747,"Hi team, Please explain this extra charge on my bill",billing,medium
T1748,"Whenever you get a chance, What is the difference between the two pricing tiers",product,low
T1749,Can multiple people collaborate on one project,product,medium
T1750,URGENT: Does the free trial include all features,product,high
T1751,This is blocking our work. I was charged twice for the same invoice,billing,high
T1752,Please escalate immediately. How do I update my username,account,high
T1753,My changes are not saving properly,technical,medium
T1754,"No rush, but Why was I billed more than my usual amount",billing,low
T1755,"No rush, but I need to transfer account ownership to a colleague",account,low
T1756,"Hi team, Data sync stopped working since yesterday",technical,medium
T1757,This is blocking our work. How do I update my username,account,high
T1758,This is blocking our work. My account got locked after failed attempts,account,high
T1759,Please escalate immediately. Notifications have stopped coming through,technical,high
T1760,"Whenever you get a chance, Please change the email on my profile",account,low
T1761,URGENT: The app crashes every time I open reports,technical,high
T1762,"Whenever you get a chance, I am unable to verify my email address",account,low
T1763,The page freezes whenever I click save,technical,medium
T1764,"Whenever you get a chance, Please remove a user from my workspace",account,low
T1765,This is blocking our work. I was charged twice for the same invoice,billing,high
T1766,"No rush, but Please change the email on my profile",account,low
T1767,Please escalate immediately. Search results are not showing up anymore,technical,high
T1768,"Whenever you get a chance, My changes are not saving properly",technical,low
T1769,"Whenever you get a chance, The mobile app closes unexpectedly on startup",technical,low
T1770,"Hi team, Can this integrate with our CRM tool",product,medium
T1771,"Whenever you get a chance, Is there a mobile app available",product,low
T1772,"Following up, Does the free trial include all features",product,medium
T1773,"No rush, but Can you cancel my subscription and stop future billing",billing,low
T1774,Please escalate immediately. My two factor authentication is not working,account,high
T1775,"Hi team, My changes are not saving properly",technical,medium
T1776,"Following up, I want to delete my account permanently",account,medium
T1777,"Whenever you get a chance, Search results are not showing up anymore",technical,low
T1778,URGENT: Can you cancel my subscription and stop future billing,billing,high
T1779,URGENT: Can you cancel my subscription and stop future billing,billing,high
T1780,This is blocking our work. Requesting a dark mode option,product,high
T1781,"Whenever you get a chance, The dashboard has been loading forever",technical,low
T1782,Please escalate immediately. I want to delete my account permanently,account,high
T1783,This is blocking our work. Please change the email on my profile,account,high
T1784,Why was I billed more than my usual amount,billing,medium
T1785,Getting an error when uploading a file,technical,medium
T1786,URGENT: Can you cancel my subscription and stop future billing,billing,high
T1787,Please escalate immediately. Please explain this extra charge on my bill,billing,high
T1788,URGENT: Is there a mobile app available,product,high
T1789,My subscription payment failed but money was deducted,billing,medium
T1790,URGENT: What is the difference between the two pricing tiers,product,high
T1791,"No rush, but Refund for my last order has not arrived",billing,low
T1792,"Following up, Please change the email on my profile",account,medium
T1793,Please escalate immediately. What is the storage limit on my plan,product,high
T1794,"No rush, but I want to update my payment method on file",billing,low
T1795,"Following up, Data sync stopped working since yesterday",technical,medium
T1796,My changes are not saving properly,technical,medium
T1797,URGENT: The dashboard has been loading forever,technical,high
T1798,"Whenever you get a chance, I need a receipt for last month's payment",billing,low
T1799,"Hi team, Requesting a dark mode option",product,medium
T1800,"No rush, but I need to add a team member to my account",account,low
T1801,"No rush, but How do I update my username",account,low
T1802,"No rush, but The mobile app closes unexpectedly on startup",technical,low
T1803,"No rush, but I need to add a team member to my account",account,low
T1804,"Hi team, Requesting a dark mode option",product,medium
T1805,"No rush, but Is there an API available for developers",product,low
T1806,"Following up, My subscription payment failed but money was deducted",billing,medium
T1807,"Whenever you get a chance, Is there a mobile app available",product,low
T1808,"Hi team, The app crashes every time I open reports",technical,medium
T1809,This is blocking our work. Please explain this extra charge on my bill,billing,high
T1810,This is blocking our work. The discount code did not apply to my order,billing,high
T1811,"Whenever you get a chance, My two factor authentication is not working",account,low
T1812,Please escalate immediately. Is there an API available for developers,product,high
T1813,"Hi team, The page freezes whenever I click save",technical,medium
T1814,"No rush, but My subscription payment failed but money was deducted",billing,low
T1815,My account got locked after failed attempts,account,medium
T1816,"Whenever you get a chance, I need to add a team member to my account",account,low
T1817,URGENT: My card was charged but the order shows as unpaid,billing,high
T1818,I want to update my payment method on file,billing,medium
T1819,My subscription payment failed but money was deducted,billing,medium
T1820,Please escalate immediately. My subscription payment failed but money was deducted,billing,high
T1821,This is blocking our work. I need a receipt for last month's payment,billing,high
T1822,This is blocking our work. Please change the email on my profile,account,high
T1823,"No rush, but I cannot log in, password reset email never arrives",account,low
T1824,"Following up, Please remove a user from my workspace",account,medium
T1825,I want to update my payment method on file,billing,medium
T1826,"Following up, The discount code did not apply to my order",billing,medium
T1827,This is blocking our work. I am unable to verify my email address,account,high
T1828,"Hi team, The page freezes whenever I click save",technical,medium
T1829,"No rush, but Please explain this extra charge on my bill",billing,low
T1830,URGENT: Please explain this extra charge on my bill,billing,high
T1831,"Following up, My card was charged but the order shows as unpaid",billing,medium
T1832,URGENT: The website is throwing a server error,technical,high
T1833,This is blocking our work. Requesting a dark mode option,product,high
T1834,"Whenever you get a chance, Do you support exporting data to Excel",product,low
T1835,"Whenever you get a chance, Refund for my last order has not arrived",billing,low
T1836,URGENT: The discount code did not apply to my order,billing,high
T1837,"Hi team, Can you cancel my subscription and stop future billing",billing,medium
T1838,"Following up, My account got locked after failed attempts",account,medium
T1839,This is blocking our work. Requesting a dark mode option,product,high
T1840,"Whenever you get a chance, I am unable to verify my email address",account,low
T1841,"Following up, Notifications have stopped coming through",technical,medium
T1842,Please escalate immediately. Is there an API available for developers,product,high
T1843,URGENT: The mobile app closes unexpectedly on startup,technical,high
T1844,Please escalate immediately. I need a receipt for last month's payment,billing,high
T1845,"Hi team, My card was charged but the order shows as unpaid",billing,medium
T1846,URGENT: Please remove a user from my workspace,account,high
T1847,"Following up, The app crashes every time I open reports",technical,medium
T1848,"Whenever you get a chance, Getting an error when uploading a file",technical,low
T1849,Please escalate immediately. My card was charged but the order shows as unpaid,billing,high
T1850,My account got locked after failed attempts,account,medium
T1851,"No rush, but My card was charged but the order shows as unpaid",billing,low
T1852,"No rush, but My card was charged but the order shows as unpaid",billing,low
T1853,This is blocking our work. The page freezes whenever I click save,technical,high
T1854,I want to delete my account permanently,account,medium
T1855,"Following up, I need to add a team member to my account",account,medium
T1856,URGENT: I want to update my payment method on file,billing,high
T1857,URGENT: My subscription payment failed but money was deducted,billing,high
T1858,"Following up, What is the difference between the two pricing tiers",product,medium
T1859,"Whenever you get a chance, Please explain this extra charge on my bill",billing,low
T1860,"Following up, Do you support exporting data to Excel",product,medium
T1861,URGENT: Why was I billed more than my usual amount,billing,high
T1862,This is blocking our work. My subscription payment failed but money was deducted,billing,high
T1863,"No rush, but I need a receipt for last month's payment",billing,low
T1864,"No rush, but Do you support exporting data to Excel",product,low
T1865,URGENT: My two factor authentication is not working,account,high
T1866,"No rush, but Can this integrate with our CRM tool",product,low
T1867,URGENT: Can this integrate with our CRM tool,product,high
T1868,URGENT: My subscription payment failed but money was deducted,billing,high
T1869,"Following up, Getting an error when uploading a file",technical,medium
T1870,URGENT: My account got locked after failed attempts,account,high
T1871,"Whenever you get a chance, The dashboard has been loading forever",technical,low
T1872,"Hi team, I was charged twice for the same invoice",billing,medium
T1873,URGENT: Does the free trial include all features,product,high
T1874,"Whenever you get a chance, Can multiple people collaborate on one project",product,low
T1875,My card was charged but the order shows as unpaid,billing,medium
T1876,"Hi team, The dashboard has been loading forever",technical,medium
T1877,"Following up, Please change the email on my profile",account,medium
T1878,"No rush, but Why was I billed more than my usual amount",billing,low
T1879,Can multiple people collaborate on one project,product,medium
T1880,This is blocking our work. My card was charged but the order shows as unpaid,billing,high
T1881,"Hi team, The website is throwing a server error",technical,medium
T1882,"No rush, but The mobile app closes unexpectedly on startup",technical,low
T1883,I need to transfer account ownership to a colleague,account,medium
T1884,"Whenever you get a chance, My two factor authentication is not working",account,low
T1885,URGENT: I want to delete my account permanently,account,high
T1886,This is blocking our work. The app crashes every time I open reports,technical,high
T1887,"Whenever you get a chance, Does the free trial include all features",product,low
T1888,URGENT: Data sync stopped working since yesterday,technical,high
T1889,The app crashes every time I open reports,technical,medium
T1890,"Whenever you get a chance, Search results are not showing up anymore",technical,low
T1891,URGENT: Notifications have stopped coming through,technical,high
T1892,"Whenever you get a chance, I am unable to verify my email address",account,low
T1893,"Whenever you get a chance, I want to update my payment method on file",billing,low
T1894,"No rush, but My changes are not saving properly",technical,low
T1895,"This is blocking our work. I cannot log in, password reset email never arrives",account,high
T1896,URGENT: I want to update my payment method on file,billing,high
T1897,Please escalate immediately. My changes are not saving properly,technical,high
T1898,Please explain this extra charge on my bill,billing,medium
T1899,The dashboard has been loading forever,technical,medium
T1900,URGENT: Please change the email on my profile,account,high
T1901,Please escalate immediately. Search results are not showing up anymore,technical,high
T1902,My card was charged but the order shows as unpaid,billing,medium
T1903,"Following up, I need a receipt for last month's payment",billing,medium
T1904,Please escalate immediately. The mobile app closes unexpectedly on startup,technical,high
T1905,"Whenever you get a chance, What is the storage limit on my plan",product,low
T1906,Please escalate immediately. I am unable to verify my email address,account,high
T1907,"Following up, The page freezes whenever I click save",technical,medium
T1908,Please escalate immediately. The app crashes every time I open reports,technical,high
T1909,"No rush, but What is the storage limit on my plan",product,low
T1910,"No rush, but I am unable to verify my email address",account,low
T1911,"Hi team, I need a receipt for last month's payment",billing,medium
T1912,This is blocking our work. I need a receipt for last month's payment,billing,high
T1913,"No rush, but Search results are not showing up anymore",technical,low
T1914,This is blocking our work. Requesting a dark mode option,product,high
T1915,"No rush, but Search results are not showing up anymore",technical,low
T1916,"Please escalate immediately. I cannot log in, password reset email never arrives",account,high
T1917,"Following up, My card was charged but the order shows as unpaid",billing,medium
T1918,"Following up, The mobile app closes unexpectedly on startup",technical,medium
T1919,"Whenever you get a chance, My account got locked after failed attempts",account,low
T1920,"No rush, but What is the storage limit on my plan",product,low
T1921,URGENT: Do you support exporting data to Excel,product,high
T1922,"Following up, Refund for my last order has not arrived",billing,medium
T1923,"Hi team, My card was charged but the order shows as unpaid",billing,medium
T1924,"No rush, but The website is throwing a server error",technical,low
T1925,I want to update my payment method on file,billing,medium
T1926,"No rush, but What is the difference between the two pricing tiers",product,low
T1927,"Whenever you get a chance, The dashboard has been loading forever",technical,low
T1928,This is blocking our work. Please explain this extra charge on my bill,billing,high
T1929,The website is throwing a server error,technical,medium
T1930,"Whenever you get a chance, How do I update my username",account,low
T1931,URGENT: The mobile app closes unexpectedly on startup,technical,high
T1932,URGENT: Is there a mobile app available,product,high
T1933,"Hi team, Why was I billed more than my usual amount",billing,medium
T1934,URGENT: Does the plan include custom reports,product,high
T1935,Please escalate immediately. The page freezes whenever I click save,technical,high
T1936,"Hi team, Why was I billed more than my usual amount",billing,medium
T1937,"Following up, Do you support exporting data to Excel",product,medium
T1938,"Whenever you get a chance, My subscription payment failed but money was deducted",billing,low
T1939,"Following up, Please change the email on my profile",account,medium
T1940,This is blocking our work. Can multiple people collaborate on one project,product,high
T1941,"Hi team, Do you support exporting data to Excel",product,medium
T1942,Please escalate immediately. Refund for my last order has not arrived,billing,high
T1943,"Whenever you get a chance, The discount code did not apply to my order",billing,low
T1944,"No rush, but Is there an API available for developers",product,low
T1945,My card was charged but the order shows as unpaid,billing,medium
T1946,"No rush, but Can multiple people collaborate on one project",product,low
T1947,"This is blocking our work. I cannot log in, password reset email never arrives",account,high
T1948,This is blocking our work. The dashboard has been loading forever,technical,high
T1949,URGENT: The dashboard has been loading forever,technical,high
T1950,"Hi team, My card was charged but the order shows as unpaid",billing,medium
T1951,"No rush, but Notifications have stopped coming through",technical,low
T1952,My account got locked after failed attempts,account,medium
T1953,My card was charged but the order shows as unpaid,billing,medium
T1954,I need to transfer account ownership to a colleague,account,medium
T1955,"Whenever you get a chance, Refund for my last order has not arrived",billing,low
T1956,URGENT: Does the free trial include all features,product,high
T1957,Please escalate immediately. Refund for my last order has not arrived,billing,high
T1958,"Whenever you get a chance, My two factor authentication is not working",account,low
T1959,I need to transfer account ownership to a colleague,account,medium
T1960,URGENT: Do you support exporting data to Excel,product,high
T1961,Please escalate immediately. Does the free trial include all features,product,high
T1962,This is blocking our work. Is there a mobile app available,product,high
T1963,Please escalate immediately. My changes are not saving properly,technical,high
T1964,"Hi team, I want to delete my account permanently",account,medium
T1965,"Following up, I need to transfer account ownership to a colleague",account,medium
T1966,URGENT: Why was I billed more than my usual amount,billing,high
T1967,"Following up, What is the difference between the two pricing tiers",product,medium
T1968,This is blocking our work. Please explain this extra charge on my bill,billing,high
T1969,"Whenever you get a chance, Is there an API available for developers",product,low
T1970,Please escalate immediately. Please change the email on my profile,account,high
T1971,The discount code did not apply to my order,billing,medium
T1972,Please escalate immediately. Does the free trial include all features,product,high
T1973,URGENT: Please explain this extra charge on my bill,billing,high
T1974,URGENT: Can you cancel my subscription and stop future billing,billing,high
T1975,Please explain this extra charge on my bill,billing,medium
T1976,"Following up, Please remove a user from my workspace",account,medium
T1977,"No rush, but Does the plan include custom reports",product,low
T1978,"Following up, Notifications have stopped coming through",technical,medium
T1979,This is blocking our work. Does the free trial include all features,product,high
T1980,"Hi team, How do I update my username",account,medium
T1981,"Hi team, My card was charged but the order shows as unpaid",billing,medium
T1982,Please escalate immediately. Please explain this extra charge on my bill,billing,high
T1983,"No rush, but Data sync stopped working since yesterday",technical,low
T1984,"Whenever you get a chance, Please remove a user from my workspace",account,low
T1985,"No rush, but Can you cancel my subscription and stop future billing",billing,low
T1986,"No rush, but Notifications have stopped coming through",technical,low
T1987,This is blocking our work. I want to update my payment method on file,billing,high
T1988,"Whenever you get a chance, My two factor authentication is not working",account,low
T1989,"Following up, Do you support exporting data to Excel",product,medium
T1990,"Following up, The website is throwing a server error",technical,medium
T1991,"No rush, but Does the plan include custom reports",product,low
T1992,"Whenever you get a chance, How do I update my username",account,low
T1993,"Hi team, I need a receipt for last month's payment",billing,medium
T1994,"Whenever you get a chance, How do I update my username",account,low
T1995,"Whenever you get a chance, I need to add a team member to my account",account,low
T1996,"No rush, but The app crashes every time I open reports",technical,low
T1997,"Whenever you get a chance, What is the storage limit on my plan",product,low
T1998,"Whenever you get a chance, Why was I billed more than my usual amount",billing,low
T1999,"Following up, My two factor authentication is not working",account,medium
T2000,"No rush, but I need a receipt for last month's payment",billing,low
T2001,"Whenever you get a chance, Search results are not showing up anymore",technical,low
T2002,Please escalate immediately. Please remove a user from my workspace,account,high
T2003,"Hi team, My changes are not saving properly",technical,medium
T2004,"Whenever you get a chance, The website is throwing a server error",technical,low
T2005,"Whenever you get a chance, Getting an error when uploading a file",technical,low
T2006,"Hi team, The page freezes whenever I click save",technical,medium
T2007,"Following up, Do you support exporting data to Excel",product,medium
T2008,"Hi team, I need to transfer account ownership to a colleague",account,medium
T2009,"No rush, but Can you cancel my subscription and stop future billing",billing,low
T2010,"No rush, but The mobile app closes unexpectedly on startup",technical,low
T2011,"Hi team, Please change the email on my profile",account,medium
T2012,This is blocking our work. The mobile app closes unexpectedly on startup,technical,high
T2013,This is blocking our work. What is the storage limit on my plan,product,high
T2014,"Following up, My subscription payment failed but money was deducted",billing,medium
T2015,"No rush, but I cannot log in, password reset email never arrives",account,low
T2016,"Hi team, What is the storage limit on my plan",product,medium
T2017,"Hi team, The dashboard has been loading forever",technical,medium
T2018,"Whenever you get a chance, What is the difference between the two pricing tiers",product,low
T2019,"Following up, Does the plan include custom reports",product,medium
T2020,"No rush, but I need a receipt for last month's payment",billing,low
T2021,Please explain this extra charge on my bill,billing,medium
T2022,"No rush, but Please explain this extra charge on my bill",billing,low
T2023,"Whenever you get a chance, The page freezes whenever I click save",technical,low
T2024,This is blocking our work. The website is throwing a server error,technical,high
T2025,"URGENT: I cannot log in, password reset email never arrives",account,high
T2026,"Following up, Please remove a user from my workspace",account,medium
T2027,Please change the email on my profile,account,medium
T2028,"Following up, I need to add a team member to my account",account,medium
T2029,"Hi team, Data sync stopped working since yesterday",technical,medium
T2030,"No rush, but Data sync stopped working since yesterday",technical,low
T2031,"No rush, but Refund for my last order has not arrived",billing,low
T2032,"No rush, but My two factor authentication is not working",account,low
T2033,"No rush, but I am unable to verify my email address",account,low
T2034,"No rush, but I was charged twice for the same invoice",billing,low
T2035,"No rush, but My card was charged but the order shows as unpaid",billing,low
T2036,"Hi team, Is there an API available for developers",product,medium
T2037,Please change the email on my profile,account,medium
T2038,"No rush, but The page freezes whenever I click save",technical,low
T2039,"No rush, but Is there an API available for developers",product,low
T2040,"No rush, but My two factor authentication is not working",account,low
T2041,"No rush, but Why was I billed more than my usual amount",billing,low
T2042,This is blocking our work. Please explain this extra charge on my bill,billing,high
T2043,Data sync stopped working since yesterday,technical,medium
T2044,"Whenever you get a chance, How do I update my username",account,low
T2045,Please escalate immediately. My changes are not saving properly,technical,high
T2046,"Whenever you get a chance, Search results are not showing up anymore",technical,low
T2047,URGENT: Getting an error when uploading a file,technical,high
T2048,"Whenever you get a chance, My subscription payment failed but money was deducted",billing,low
T2049,"No rush, but Refund for my last order has not arrived",billing,low
T2050,"No rush, but I need to transfer account ownership to a colleague",account,low
T2051,"Following up, I cannot log in, password reset email never arrives",account,medium
T2052,URGENT: Why was I billed more than my usual amount,billing,high
T2053,"Whenever you get a chance, My two factor authentication is not working",account,low
T2054,URGENT: I was charged twice for the same invoice,billing,high
T2055,"No rush, but Search results are not showing up anymore",technical,low
T2056,How do I update my username,account,medium
T2057,"Following up, My subscription payment failed but money was deducted",billing,medium
T2058,"Following up, Can you cancel my subscription and stop future billing",billing,medium
T2059,I need to transfer account ownership to a colleague,account,medium
T2060,"No rush, but Can this integrate with our CRM tool",product,low
T2061,"No rush, but The dashboard has been loading forever",technical,low
T2062,Can you cancel my subscription and stop future billing,billing,medium
T2063,Please escalate immediately. What is the difference between the two pricing tiers,product,high
T2064,"No rush, but Please change the email on my profile",account,low
T2065,"Hi team, What is the difference between the two pricing tiers",product,medium
T2066,URGENT: Do you support exporting data to Excel,product,high
T2067,Please escalate immediately. Please remove a user from my workspace,account,high
T2068,"Whenever you get a chance, The website is throwing a server error",technical,low
T2069,Please explain this extra charge on my bill,billing,medium
T2070,What is the difference between the two pricing tiers,product,medium
T2071,"No rush, but The app crashes every time I open reports",technical,low
T2072,"Whenever you get a chance, My changes are not saving properly",technical,low
T2073,This is blocking our work. Search results are not showing up anymore,technical,high
T2074,"Following up, The app crashes every time I open reports",technical,medium
T2075,"Whenever you get a chance, The mobile app closes unexpectedly on startup",technical,low
T2076,This is blocking our work. My changes are not saving properly,technical,high
T2077,This is blocking our work. Can multiple people collaborate on one project,product,high
T2078,"This is blocking our work. I cannot log in, password reset email never arrives",account,high
T2079,"Following up, I was charged twice for the same invoice",billing,medium
T2080,Please escalate immediately. I want to update my payment method on file,billing,high
T2081,"No rush, but I need to transfer account ownership to a colleague",account,low
T2082,"Hi team, I need to add a team member to my account",account,medium
T2083,Does the free trial include all features,product,medium
T2084,"Whenever you get a chance, Can multiple people collaborate on one project",product,low
T2085,Please escalate immediately. Please explain this extra charge on my bill,billing,high
T2086,"Following up, Why was I billed more than my usual amount",billing,medium
T2087,"No rush, but I cannot log in, password reset email never arrives",account,low
T2088,"Hi team, The mobile app closes unexpectedly on startup",technical,medium
T2089,Please explain this extra charge on my bill,billing,medium
T2090,This is blocking our work. Data sync stopped working since yesterday,technical,high
T2091,Please escalate immediately. Is there a mobile app available,product,high
T2092,"Hi team, I want to update my payment method on file",billing,medium
T2093,"Following up, I want to update my payment method on file",billing,medium
T2094,"Hi team, The website is throwing a server error",technical,medium
T2095,"Whenever you get a chance, I want to update my payment method on file",billing,low
T2096,"No rush, but Does the free trial include all features",product,low
T2097,"No rush, but Getting an error when uploading a file",technical,low
T2098,"Whenever you get a chance, Is there an API available for developers",product,low
T2099,Requesting a dark mode option,product,medium
T2100,"Following up, How do I update my username",account,medium
T2101,URGENT: What is the difference between the two pricing tiers,product,high
T2102,"Whenever you get a chance, Please remove a user from my workspace",account,low
T2103,URGENT: Notifications have stopped coming through,technical,high
T2104,"Whenever you get a chance, Please change the email on my profile",account,low
T2105,"Whenever you get a chance, Getting an error when uploading a file",technical,low
T2106,"Whenever you get a chance, I am unable to verify my email address",account,low
T2107,"Whenever you get a chance, What is the difference between the two pricing tiers",product,low
T2108,"No rush, but I was charged twice for the same invoice",billing,low
T2109,URGENT: Does the plan include custom reports,product,high
T2110,"Hi team, The page freezes whenever I click save",technical,medium
T2111,URGENT: How do I update my username,account,high
T2112,"No rush, but Search results are not showing up anymore",technical,low
T2113,Please escalate immediately. Is there an API available for developers,product,high
T2114,"Whenever you get a chance, Data sync stopped working since yesterday",technical,low
T2115,"No rush, but My two factor authentication is not working",account,low
T2116,Is there a mobile app available,product,medium
T2117,Please escalate immediately. Why was I billed more than my usual amount,billing,high
T2118,"Whenever you get a chance, Data sync stopped working since yesterday",technical,low
T2119,"No rush, but I need to add a team member to my account",account,low
T2120,"Hi team, My account got locked after failed attempts",account,medium
T2121,Please escalate immediately. The website is throwing a server error,technical,high
T2122,"Hi team, My card was charged but the order shows as unpaid",billing,medium
T2123,"Whenever you get a chance, Please change the email on my profile",account,low
T2124,"Whenever you get a chance, The app crashes every time I open reports",technical,low
T2125,Please change the email on my profile,account,medium
T2126,This is blocking our work. I want to update my payment method on file,billing,high
T2127,"Whenever you get a chance, Can you cancel my subscription and stop future billing",billing,low
T2128,Please escalate immediately. I want to delete my account permanently,account,high
T2129,Please escalate immediately. Getting an error when uploading a file,technical,high
T2130,The website is throwing a server error,technical,medium
T2131,This is blocking our work. Requesting a dark mode option,product,high
T2132,"Whenever you get a chance, Search results are not showing up anymore",technical,low
T2133,"Hi team, I am unable to verify my email address",account,medium
T2134,"No rush, but Can this integrate with our CRM tool",product,low
T2135,"Hi team, I am unable to verify my email address",account,medium
T2136,Please escalate immediately. Search results are not showing up anymore,technical,high
T2137,This is blocking our work. Do you support exporting data to Excel,product,high
T2138,Please escalate immediately. I want to delete my account permanently,account,high
T2139,"Hi team, Do you support exporting data to Excel",product,medium
T2140,Getting an error when uploading a file,technical,medium
T2141,Please escalate immediately. The discount code did not apply to my order,billing,high
T2142,"No rush, but Please explain this extra charge on my bill",billing,low
T2143,"Whenever you get a chance, Getting an error when uploading a file",technical,low
T2144,"Whenever you get a chance, Getting an error when uploading a file",technical,low
T2145,This is blocking our work. Search results are not showing up anymore,technical,high
T2146,URGENT: I was charged twice for the same invoice,billing,high
T2147,Getting an error when uploading a file,technical,medium
T2148,"Following up, The mobile app closes unexpectedly on startup",technical,medium
T2149,"Whenever you get a chance, What is the difference between the two pricing tiers",product,low
T2150,This is blocking our work. My account got locked after failed attempts,account,high
T2151,"No rush, but I want to update my payment method on file",billing,low
T2152,"No rush, but I need a receipt for last month's payment",billing,low
T2153,Why was I billed more than my usual amount,billing,medium
T2154,"Following up, My card was charged but the order shows as unpaid",billing,medium
T2155,"No rush, but Can multiple people collaborate on one project",product,low
T2156,"No rush, but The dashboard has been loading forever",technical,low
T2157,"Whenever you get a chance, What is the storage limit on my plan",product,low
T2158,"Whenever you get a chance, I cannot log in, password reset email never arrives",account,low
T2159,URGENT: The app crashes every time I open reports,technical,high
T2160,"No rush, but Do you support exporting data to Excel",product,low
T2161,"Whenever you get a chance, Data sync stopped working since yesterday",technical,low
T2162,"No rush, but What is the storage limit on my plan",product,low
T2163,Please escalate immediately. The page freezes whenever I click save,technical,high
T2164,URGENT: Notifications have stopped coming through,technical,high
T2165,"Whenever you get a chance, The discount code did not apply to my order",billing,low
T2166,Refund for my last order has not arrived,billing,medium
T2167,URGENT: I am unable to verify my email address,account,high
T2168,"Following up, What is the storage limit on my plan",product,medium
T2169,This is blocking our work. Notifications have stopped coming through,technical,high
T2170,This is blocking our work. Can you cancel my subscription and stop future billing,billing,high
T2171,Do you support exporting data to Excel,product,medium
T2172,"Whenever you get a chance, Search results are not showing up anymore",technical,low
T2173,URGENT: Is there a mobile app available,product,high
T2174,Please escalate immediately. The mobile app closes unexpectedly on startup,technical,high
T2175,"Hi team, I want to delete my account permanently",account,medium
T2176,"Following up, Is there a mobile app available",product,medium
T2177,My account got locked after failed attempts,account,medium
T2178,"No rush, but The page freezes whenever I click save",technical,low
T2179,"No rush, but The page freezes whenever I click save",technical,low
T2180,"No rush, but I was charged twice for the same invoice",billing,low
T2181,"Whenever you get a chance, I want to update my payment method on file",billing,low
T2182,Please escalate immediately. The page freezes whenever I click save,technical,high
T2183,"No rush, but Is there a mobile app available",product,low
T2184,Please escalate immediately. Do you support exporting data to Excel,product,high
T2185,The website is throwing a server error,technical,medium
T2186,"Following up, The discount code did not apply to my order",billing,medium
T2187,"No rush, but I want to update my payment method on file",billing,low
T2188,"No rush, but My changes are not saving properly",technical,low
T2189,Please escalate immediately. Notifications have stopped coming through,technical,high
T2190,"Whenever you get a chance, Search results are not showing up anymore",technical,low
T2191,This is blocking our work. Please explain this extra charge on my bill,billing,high
T2192,"Following up, Please explain this extra charge on my bill",billing,medium
T2193,"No rush, but The discount code did not apply to my order",billing,low
T2194,"Following up, I need to transfer account ownership to a colleague",account,medium
T2195,Please escalate immediately. I need a receipt for last month's payment,billing,high
T2196,"Whenever you get a chance, Why was I billed more than my usual amount",billing,low
T2197,The mobile app closes unexpectedly on startup,technical,medium
T2198,"No rush, but Please remove a user from my workspace",account,low
T2199,"Hi team, Please remove a user from my workspace",account,medium
T2200,"Following up, Can multiple people collaborate on one project",product,medium
T2201,"No rush, but Is there an API available for developers",product,low
T2202,"Hi team, Data sync stopped working since yesterday",technical,medium
T2203,"Whenever you get a chance, Please explain this extra charge on my bill",billing,low
T2204,URGENT: Search results are not showing up anymore,technical,high
T2205,"No rush, but My card was charged but the order shows as unpaid",billing,low
T2206,"No rush, but I need to transfer account ownership to a colleague",account,low
T2207,"Hi team, Does the free trial include all features",product,medium
T2208,"Whenever you get a chance, The app crashes every time I open reports",technical,low
T2209,URGENT: Notifications have stopped coming through,technical,high
T2210,Please escalate immediately. The website is throwing a server error,technical,high
T2211,"No rush, but I was charged twice for the same invoice",billing,low
T2212,"Hi team, The website is throwing a server error",technical,medium
T2213,"No rush, but Do you support exporting data to Excel",product,low
T2214,This is blocking our work. I want to update my payment method on file,billing,high
T2215,"Hi team, Requesting a dark mode option",product,medium
T2216,"No rush, but Does the free trial include all features",product,low
T2217,"Whenever you get a chance, The dashboard has been loading forever",technical,low
T2218,I am unable to verify my email address,account,medium
T2219,This is blocking our work. My card was charged but the order shows as unpaid,billing,high
T2220,URGENT: Data sync stopped working since yesterday,technical,high
T2221,Please escalate immediately. Can this integrate with our CRM tool,product,high
T2222,Notifications have stopped coming through,technical,medium
T2223,"No rush, but Refund for my last order has not arrived",billing,low
T2224,"No rush, but Does the free trial include all features",product,low
T2225,"Whenever you get a chance, The discount code did not apply to my order",billing,low
T2226,"Hi team, Is there an API available for developers",product,medium
T2227,This is blocking our work. What is the difference between the two pricing tiers,product,high
T2228,"No rush, but My two factor authentication is not working",account,low
T2229,"Following up, Data sync stopped working since yesterday",technical,medium
T2230,The discount code did not apply to my order,billing,medium
T2231,"Hi team, Does the plan include custom reports",product,medium
T2232,"No rush, but The discount code did not apply to my order",billing,low
T2233,Please explain this extra charge on my bill,billing,medium
T2234,"Following up, My account got locked after failed attempts",account,medium
T2235,Notifications have stopped coming through,technical,medium
T2236,My two factor authentication is not working,account,medium
T2237,"Whenever you get a chance, My two factor authentication is not working",account,low
T2238,The website is throwing a server error,technical,medium
T2239,This is blocking our work. Is there an API available for developers,product,high
T2240,"Following up, Does the free trial include all features",product,medium
T2241,"Whenever you get a chance, Please change the email on my profile",account,low
T2242,"No rush, but Can you cancel my subscription and stop future billing",billing,low
T2243,URGENT: The website is throwing a server error,technical,high
T2244,Does the free trial include all features,product,medium
T2245,This is blocking our work. I was charged twice for the same invoice,billing,high
T2246,This is blocking our work. I want to update my payment method on file,billing,high
T2247,URGENT: Do you support exporting data to Excel,product,high
T2248,"Hi team, Notifications have stopped coming through",technical,medium
T2249,"Whenever you get a chance, My card was charged but the order shows as unpaid",billing,low
T2250,"No rush, but Please change the email on my profile",account,low
T2251,"Hi team, Requesting a dark mode option",product,medium
T2252,URGENT: I am unable to verify my email address,account,high
T2253,"No rush, but The app crashes every time I open reports",technical,low
T2254,"Please escalate immediately. I cannot log in, password reset email never arrives",account,high
T2255,This is blocking our work. The mobile app closes unexpectedly on startup,technical,high
T2256,"Whenever you get a chance, My two factor authentication is not working",account,low
T2257,"No rush, but Getting an error when uploading a file",technical,low
T2258,"Whenever you get a chance, The discount code did not apply to my order",billing,low
T2259,"Following up, I need to add a team member to my account",account,medium
T2260,"Following up, Notifications have stopped coming through",technical,medium
T2261,"Hi team, My card was charged but the order shows as unpaid",billing,medium
T2262,"No rush, but The discount code did not apply to my order",billing,low
T2263,"Hi team, Please remove a user from my workspace",account,medium
T2264,"Whenever you get a chance, I need to transfer account ownership to a colleague",account,low
T2265,"Whenever you get a chance, Requesting a dark mode option",product,low
T2266,I need to transfer account ownership to a colleague,account,medium
T2267,"Hi team, Why was I billed more than my usual amount",billing,medium
T2268,Please explain this extra charge on my bill,billing,medium
T2269,"Following up, Search results are not showing up anymore",technical,medium
T2270,"Whenever you get a chance, Please explain this extra charge on my bill",billing,low
T2271,This is blocking our work. I want to delete my account permanently,account,high
T2272,"No rush, but Can you cancel my subscription and stop future billing",billing,low
T2273,"Hi team, I am unable to verify my email address",account,medium
T2274,Please escalate immediately. I need to add a team member to my account,account,high
T2275,"No rush, but Requesting a dark mode option",product,low
T2276,"Hi team, Data sync stopped working since yesterday",technical,medium
T2277,Please escalate immediately. Search results are not showing up anymore,technical,high
T2278,URGENT: Getting an error when uploading a file,technical,high
T2279,"No rush, but Is there an API available for developers",product,low
T2280,"Following up, I want to update my payment method on file",billing,medium
T2281,How do I update my username,account,medium
T2282,Please escalate immediately. Do you support exporting data to Excel,product,high
T2283,Please escalate immediately. What is the storage limit on my plan,product,high
T2284,"Whenever you get a chance, Can you cancel my subscription and stop future billing",billing,low
T2285,"Whenever you get a chance, My card was charged but the order shows as unpaid",billing,low
T2286,"Hi team, The website is throwing a server error",technical,medium
T2287,Does the plan include custom reports,product,medium
T2288,"No rush, but My card was charged but the order shows as unpaid",billing,low
T2289,"Following up, I want to update my payment method on file",billing,medium
T2290,Please escalate immediately. How do I update my username,account,high
T2291,"Following up, Notifications have stopped coming through",technical,medium
T2292,"Hi team, I need to transfer account ownership to a colleague",account,medium
T2293,This is blocking our work. Is there a mobile app available,product,high
T2294,"Following up, I need to transfer account ownership to a colleague",account,medium
T2295,"No rush, but Notifications have stopped coming through",technical,low
T2296,Please escalate immediately. The page freezes whenever I click save,technical,high
T2297,"Whenever you get a chance, The mobile app closes unexpectedly on startup",technical,low
T2298,Please escalate immediately. The dashboard has been loading forever,technical,high
T2299,URGENT: What is the difference between the two pricing tiers,product,high
T2300,Please escalate immediately. Is there an API available for developers,product,high
T2301,"Following up, How do I update my username",account,medium
T2302,"Hi team, My subscription payment failed but money was deducted",billing,medium
T2303,This is blocking our work. Can you cancel my subscription and stop future billing,billing,high
T2304,I need a receipt for last month's payment,billing,medium
T2305,"Following up, Please remove a user from my workspace",account,medium
T2306,"Hi team, My two factor authentication is not working",account,medium
T2307,I want to update my payment method on file,billing,medium
T2308,"No rush, but The page freezes whenever I click save",technical,low
T2309,Please remove a user from my workspace,account,medium
T2310,"Whenever you get a chance, Can this integrate with our CRM tool",product,low
T2311,"Whenever you get a chance, Can multiple people collaborate on one project",product,low
T2312,Please escalate immediately. Search results are not showing up anymore,technical,high
T2313,"Whenever you get a chance, Can this integrate with our CRM tool",product,low
T2314,This is blocking our work. Please explain this extra charge on my bill,billing,high
T2315,How do I update my username,account,medium
T2316,"Whenever you get a chance, How do I update my username",account,low
T2317,Does the free trial include all features,product,medium
T2318,"Hi team, What is the storage limit on my plan",product,medium
T2319,Please escalate immediately. Please explain this extra charge on my bill,billing,high
T2320,"No rush, but I need to add a team member to my account",account,low
T2321,"Hi team, Getting an error when uploading a file",technical,medium
T2322,I was charged twice for the same invoice,billing,medium
T2323,Refund for my last order has not arrived,billing,medium
T2324,My subscription payment failed but money was deducted,billing,medium
T2325,"Whenever you get a chance, Why was I billed more than my usual amount",billing,low
T2326,Please escalate immediately. The page freezes whenever I click save,technical,high
T2327,"No rush, but What is the storage limit on my plan",product,low
T2328,URGENT: Search results are not showing up anymore,technical,high
T2329,"Following up, Please remove a user from my workspace",account,medium
T2330,"Whenever you get a chance, Please change the email on my profile",account,low
T2331,"Whenever you get a chance, Notifications have stopped coming through",technical,low
T2332,"Whenever you get a chance, Is there a mobile app available",product,low
T2333,"No rush, but Can this integrate with our CRM tool",product,low
T2334,"Following up, What is the difference between the two pricing tiers",product,medium
T2335,"This is blocking our work. I cannot log in, password reset email never arrives",account,high
T2336,"No rush, but I need a receipt for last month's payment",billing,low
T2337,"I cannot log in, password reset email never arrives",account,medium
T2338,"Following up, Does the plan include custom reports",product,medium
T2339,Requesting a dark mode option,product,medium
T2340,"Whenever you get a chance, Please explain this extra charge on my bill",billing,low
T2341,"Whenever you get a chance, What is the difference between the two pricing tiers",product,low
T2342,Please escalate immediately. The mobile app closes unexpectedly on startup,technical,high
T2343,This is blocking our work. Can this integrate with our CRM tool,product,high
T2344,"No rush, but Is there an API available for developers",product,low
T2345,Please remove a user from my workspace,account,medium
T2346,"Hi team, My account got locked after failed attempts",account,medium
T2347,This is blocking our work. Getting an error when uploading a file,technical,high
T2348,"Whenever you get a chance, Do you support exporting data to Excel",product,low
T2349,This is blocking our work. Does the plan include custom reports,product,high
T2350,Please escalate immediately. The app crashes every time I open reports,technical,high
T2351,This is blocking our work. The page freezes whenever I click save,technical,high
T2352,"Whenever you get a chance, The app crashes every time I open reports",technical,low
T2353,URGENT: The app crashes every time I open reports,technical,high
T2354,This is blocking our work. What is the difference between the two pricing tiers,product,high
T2355,"Following up, I need to transfer account ownership to a colleague",account,medium
T2356,"Hi team, My subscription payment failed but money was deducted",billing,medium
T2357,"Following up, Refund for my last order has not arrived",billing,medium
T2358,URGENT: Do you support exporting data to Excel,product,high
T2359,URGENT: Requesting a dark mode option,product,high
T2360,"Hi team, Does the plan include custom reports",product,medium
T2361,Getting an error when uploading a file,technical,medium
T2362,"Following up, The page freezes whenever I click save",technical,medium
T2363,"Please escalate immediately. I cannot log in, password reset email never arrives",account,high
T2364,"Following up, Why was I billed more than my usual amount",billing,medium
T2365,"Hi team, Data sync stopped working since yesterday",technical,medium
T2366,Please escalate immediately. My card was charged but the order shows as unpaid,billing,high
T2367,URGENT: How do I update my username,account,high
T2368,"Hi team, I was charged twice for the same invoice",billing,medium
T2369,"Whenever you get a chance, I want to update my payment method on file",billing,low
T2370,"Hi team, Data sync stopped working since yesterday",technical,medium
T2371,"Hi team, Notifications have stopped coming through",technical,medium
T2372,"No rush, but I cannot log in, password reset email never arrives",account,low
T2373,"No rush, but Please remove a user from my workspace",account,low
T2374,This is blocking our work. Please explain this extra charge on my bill,billing,high
T2375,"Whenever you get a chance, I need to transfer account ownership to a colleague",account,low
T2376,Please escalate immediately. The mobile app closes unexpectedly on startup,technical,high
T2377,"No rush, but How do I update my username",account,low
T2378,Can you cancel my subscription and stop future billing,billing,medium
T2379,"Whenever you get a chance, I need to add a team member to my account",account,low
T2380,"Whenever you get a chance, Search results are not showing up anymore",technical,low
T2381,Is there an API available for developers,product,medium
T2382,Please escalate immediately. The dashboard has been loading forever,technical,high
T2383,"Following up, Is there an API available for developers",product,medium
T2384,"Hi team, Please remove a user from my workspace",account,medium
T2385,"No rush, but Does the plan include custom reports",product,low
T2386,"No rush, but I want to delete my account permanently",account,low
T2387,"Whenever you get a chance, Please explain this extra charge on my bill",billing,low
T2388,"No rush, but Does the free trial include all features",product,low
T2389,"Following up, I want to delete my account permanently",account,medium
T2390,Please escalate immediately. Refund for my last order has not arrived,billing,high
T2391,URGENT: I was charged twice for the same invoice,billing,high
T2392,This is blocking our work. Data sync stopped working since yesterday,technical,high
T2393,Please escalate immediately. My card was charged but the order shows as unpaid,billing,high
T2394,"Whenever you get a chance, Does the plan include custom reports",product,low
T2395,Please escalate immediately. My account got locked after failed attempts,account,high
T2396,Please escalate immediately. Can you cancel my subscription and stop future billing,billing,high
T2397,I was charged twice for the same invoice,billing,medium
T2398,"Whenever you get a chance, I want to delete my account permanently",account,low
T2399,"Whenever you get a chance, The discount code did not apply to my order",billing,low
T2400,"No rush, but Why was I billed more than my usual amount",billing,low
T2401,Please escalate immediately. Refund for my last order has not arrived,billing,high
T2402,"No rush, but The discount code did not apply to my order",billing,low
T2403,URGENT: Is there an API available for developers,product,high
T2404,"No rush, but The website is throwing a server error",technical,low
T2405,"No rush, but Does the free trial include all features",product,low
T2406,"Whenever you get a chance, My two factor authentication is not working",account,low
T2407,URGENT: The discount code did not apply to my order,billing,high
T2408,"Whenever you get a chance, What is the storage limit on my plan",product,low
T2409,"Following up, Is there an API available for developers",product,medium
T2410,"Following up, My two factor authentication is not working",account,medium
T2411,"No rush, but I am unable to verify my email address",account,low
T2412,The page freezes whenever I click save,technical,medium
T2413,"Following up, My two factor authentication is not working",account,medium
T2414,"No rush, but Why was I billed more than my usual amount",billing,low
T2415,"No rush, but Why was I billed more than my usual amount",billing,low
T2416,"Hi team, Please explain this extra charge on my bill",billing,medium
T2417,Please escalate immediately. How do I update my username,account,high
T2418,URGENT: My changes are not saving properly,technical,high
T2419,URGENT: How do I update my username,account,high
T2420,"No rush, but I need to add a team member to my account",account,low
T2421,"Hi team, I am unable to verify my email address",account,medium
T2422,"No rush, but Can this integrate with our CRM tool",product,low
T2423,"Hi team, I need to transfer account ownership to a colleague",account,medium
T2424,"Whenever you get a chance, I was charged twice for the same invoice",billing,low
T2425,URGENT: Is there a mobile app available,product,high
T2426,"Following up, My account got locked after failed attempts",account,medium
T2427,"No rush, but The mobile app closes unexpectedly on startup",technical,low
T2428,I was charged twice for the same invoice,billing,medium
T2429,"No rush, but I want to delete my account permanently",account,low
T2430,URGENT: The mobile app closes unexpectedly on startup,technical,high
T2431,"No rush, but Requesting a dark mode option",product,low
T2432,"Following up, What is the storage limit on my plan",product,medium
T2433,"Hi team, My changes are not saving properly",technical,medium
T2434,"Whenever you get a chance, Why was I billed more than my usual amount",billing,low
T2435,My card was charged but the order shows as unpaid,billing,medium
T2436,This is blocking our work. The website is throwing a server error,technical,high
T2437,"Following up, Notifications have stopped coming through",technical,medium
T2438,"No rush, but Data sync stopped working since yesterday",technical,low
T2439,"Following up, I need a receipt for last month's payment",billing,medium
T2440,Please escalate immediately. My card was charged but the order shows as unpaid,billing,high
T2441,"Following up, Requesting a dark mode option",product,medium
T2442,"I cannot log in, password reset email never arrives",account,medium
T2443,This is blocking our work. I am unable to verify my email address,account,high
T2444,"No rush, but Can multiple people collaborate on one project",product,low
T2445,URGENT: I need a receipt for last month's payment,billing,high
T2446,"No rush, but Getting an error when uploading a file",technical,low
T2447,Please escalate immediately. My subscription payment failed but money was deducted,billing,high
T2448,This is blocking our work. My account got locked after failed attempts,account,high
T2449,"Following up, I cannot log in, password reset email never arrives",account,medium
T2450,Please escalate immediately. Please remove a user from my workspace,account,high
T2451,Please escalate immediately. The website is throwing a server error,technical,high
T2452,"Whenever you get a chance, I am unable to verify my email address",account,low
T2453,"No rush, but The mobile app closes unexpectedly on startup",technical,low
T2454,"Hi team, I was charged twice for the same invoice",billing,medium
T2455,Please escalate immediately. I am unable to verify my email address,account,high
T2456,"This is blocking our work. I cannot log in, password reset email never arrives",account,high
T2457,Why was I billed more than my usual amount,billing,medium
T2458,URGENT: How do I update my username,account,high
T2459,This is blocking our work. Is there an API available for developers,product,high
T2460,"Following up, I want to update my payment method on file",billing,medium
T2461,URGENT: The discount code did not apply to my order,billing,high
T2462,"No rush, but Does the plan include custom reports",product,low
T2463,"Whenever you get a chance, Search results are not showing up anymore",technical,low
T2464,What is the storage limit on my plan,product,medium
T2465,I need a receipt for last month's payment,billing,medium
T2466,"Whenever you get a chance, I need to add a team member to my account",account,low
T2467,Please escalate immediately. How do I update my username,account,high
T2468,Please escalate immediately. Do you support exporting data to Excel,product,high
T2469,This is blocking our work. The mobile app closes unexpectedly on startup,technical,high
T2470,Please escalate immediately. The mobile app closes unexpectedly on startup,technical,high
T2471,"Hi team, Notifications have stopped coming through",technical,medium
T2472,"Following up, Notifications have stopped coming through",technical,medium
T2473,Please change the email on my profile,account,medium
T2474,"No rush, but Notifications have stopped coming through",technical,low
T2475,This is blocking our work. The website is throwing a server error,technical,high
T2476,"Hi team, Notifications have stopped coming through",technical,medium
T2477,"Hi team, The website is throwing a server error",technical,medium
T2478,This is blocking our work. My subscription payment failed but money was deducted,billing,high
T2479,"Following up, My card was charged but the order shows as unpaid",billing,medium
T2480,How do I update my username,account,medium
T2481,URGENT: The dashboard has been loading forever,technical,high
T2482,Please escalate immediately. Notifications have stopped coming through,technical,high
T2483,"No rush, but I am unable to verify my email address",account,low
T2484,Please escalate immediately. The app crashes every time I open reports,technical,high
T2485,Please escalate immediately. I need to transfer account ownership to a colleague,account,high
T2486,"Whenever you get a chance, Search results are not showing up anymore",technical,low
T2487,"Following up, My changes are not saving properly",technical,medium
T2488,URGENT: Data sync stopped working since yesterday,technical,high
T2489,"Hi team, Why was I billed more than my usual amount",billing,medium
T2490,Please escalate immediately. Requesting a dark mode option,product,high
T2491,URGENT: My changes are not saving properly,technical,high
T2492,"Whenever you get a chance, Can multiple people collaborate on one project",product,low
T2493,"Following up, The app crashes every time I open reports",technical,medium
T2494,"Whenever you get a chance, What is the difference between the two pricing tiers",product,low
T2495,"No rush, but Can you cancel my subscription and stop future billing",billing,low
T2496,URGENT: Is there an API available for developers,product,high
T2497,"No rush, but Is there an API available for developers",product,low
T2498,"No rush, but Requesting a dark mode option",product,low
T2499,"Following up, How do I update my username",account,medium
T2500,can someone call me back about this,product,high
T2501,"nothing works, please fix",account,low
T2502,it is not working please help,technical,medium
T2503,"nothing works, please fix",billing,low
T2504,it is not working please help,technical,low
T2505,"same issue as last time, please check",product,medium
T2506,can someone call me back about this,product,high
T2507,"same issue as last time, please check",product,low
T2508,"same issue as last time, please check",product,high
T2509,can someone call me back about this,account,low
T2510,"same issue as last time, please check",billing,high
T2511,it is not working please help,product,low
T2512,can someone call me back about this,billing,low
T2513,"nothing works, please fix",technical,medium
T2514,"nothing works, please fix",billing,high
T2515,can someone call me back about this,technical,high
T2516,"same issue as last time, please check",technical,low
T2517,it is not working please help,product,medium
T2518,can someone call me back about this,product,medium
T2519,"same issue as last time, please check",billing,high
T2520,"same issue as last time, please check",billing,low
T2521,can someone call me back about this,billing,medium
T2522,"nothing works, please fix",product,low
T2523,it is not working please help,product,high
T2524,"same issue as last time, please check",product,medium
T2525,"nothing works, please fix",product,high
T2526,it is not working please help,technical,low
T2527,can someone call me back about this,technical,high
T2528,"same issue as last time, please check",technical,high
T2529,can someone call me back about this,billing,high
T2530,it is not working please help,account,medium
T2531,it is not working please help,billing,high
T2532,"nothing works, please fix",technical,high
T2533,can someone call me back about this,technical,medium
T2534,can someone call me back about this,billing,high
T2535,can someone call me back about this,account,medium
T2536,"nothing works, please fix",billing,medium
T2537,it is not working please help,account,medium
T2538,"same issue as last time, please check",billing,low
T2539,can someone call me back about this,account,low
T2540,"nothing works, please fix",technical,low
T2541,"same issue as last time, please check",billing,high
T2542,it is not working please help,product,low
T2543,can someone call me back about this,product,low
T2544,can someone call me back about this,account,low
T2545,can someone call me back about this,technical,low
T2546,"nothing works, please fix",product,medium
T2547,"same issue as last time, please check",technical,low
T2548,can someone call me back about this,technical,high
T2549,it is not working please help,billing,medium
T2550,it is not working please help,technical,low
T2551,"nothing works, please fix",product,high
T2552,can someone call me back about this,account,low
T2553,"same issue as last time, please check",billing,low
T2554,"same issue as last time, please check",account,medium
T2555,it is not working please help,account,medium
T2556,can someone call me back about this,billing,high
T2557,can someone call me back about this,account,medium
T2558,it is not working please help,technical,high
T2559,can someone call me back about this,account,low
T2560,"nothing works, please fix",product,high
T2561,"same issue as last time, please check",product,high
T2562,"nothing works, please fix",account,medium
T2563,"nothing works, please fix",billing,low
T2564,can someone call me back about this,account,low
T2565,it is not working please help,technical,low
T2566,can someone call me back about this,account,high
T2567,"same issue as last time, please check",account,high
T2568,can someone call me back about this,product,low
T2569,"same issue as last time, please check",product,high
T2570,it is not working please help,account,low
T2571,can someone call me back about this,billing,medium
T2572,"nothing works, please fix",billing,medium
T2573,"same issue as last time, please check",account,medium
T2574,can someone call me back about this,technical,low
T2575,can someone call me back about this,technical,high
T2576,can someone call me back about this,billing,high
T2577,it is not working please help,product,low
T2578,it is not working please help,product,low
T2579,"same issue as last time, please check",technical,medium
T2580,"nothing works, please fix",account,medium
T2581,"same issue as last time, please check",billing,low
T2582,"same issue as last time, please check",technical,low
T2583,it is not working please help,product,medium
T2584,it is not working please help,billing,medium
T2585,it is not working please help,billing,medium
T2586,"nothing works, please fix",billing,high
T2587,can someone call me back about this,billing,low
T2588,can someone call me back about this,technical,medium
T2589,"same issue as last time, please check",technical,medium
T2590,can someone call me back about this,account,medium
T2591,it is not working please help,account,high
T2592,"same issue as last time, please check",account,high
T2593,it is not working please help,billing,high
T2594,can someone call me back about this,account,medium
T2595,"same issue as last time, please check",account,low
T2596,"same issue as last time, please check",technical,high
T2597,can someone call me back about this,account,low
T2598,"nothing works, please fix",billing,high
T2599,it is not working please help,product,low
T2600,it is not working please help,billing,medium
T2601,it is not working please help,billing,medium
T2602,"nothing works, please fix",technical,low
T2603,"nothing works, please fix",account,medium
T2604,can someone call me back about this,technical,low
T2605,it is not working please help,product,low
T2606,"same issue as last time, please check",billing,low
T2607,"nothing works, please fix",billing,medium
T2608,can someone call me back about this,product,medium
T2609,"same issue as last time, please check",technical,high
T2610,can someone call me back about this,account,medium
T2611,"same issue as last time, please check",account,medium
T2612,"nothing works, please fix",product,high
T2613,it is not working please help,product,high
T2614,can someone call me back about this,product,medium
T2615,"same issue as last time, please check",account,medium
T2616,"same issue as last time, please check",billing,medium
T2617,it is not working please help,account,low
T2618,it is not working please help,account,low
T2619,"nothing works, please fix",product,low
T2620,"nothing works, please fix",technical,low
T2621,"same issue as last time, please check",technical,medium
T2622,"nothing works, please fix",billing,medium
T2623,"same issue as last time, please check",product,medium
T2624,can someone call me back about this,technical,high
T2625,it is not working please help,product,high
T2626,"nothing works, please fix",account,low
T2627,it is not working please help,product,high
T2628,can someone call me back about this,product,high
T2629,it is not working please help,product,medium
T2630,"nothing works, please fix",billing,high
T2631,"same issue as last time, please check",technical,low
T2632,it is not working please help,technical,low
T2633,"same issue as last time, please check",product,low
T2634,can someone call me back about this,product,low
T2635,"nothing works, please fix",technical,high
T2636,can someone call me back about this,account,low
T2637,can someone call me back about this,product,low
T2638,can someone call me back about this,billing,low
T2639,it is not working please help,product,high
T2640,can someone call me back about this,billing,medium
T2641,it is not working please help,billing,low
T2642,can someone call me back about this,billing,medium
T2643,it is not working please help,technical,medium
T2644,"nothing works, please fix",account,low
T2645,"nothing works, please fix",product,medium
T2646,"nothing works, please fix",technical,low
T2647,"same issue as last time, please check",product,high
T2648,"same issue as last time, please check",product,medium
T2649,"nothing works, please fix",technical,medium
